,Comments
0,"#[Link to our Official Discord Server](https://discord.gg/NTpXGZVKTc)

#[Instagram](https://www.instagram.com/indiandankmemes_official/)

To download the video you can use one of the following sites:

#[Download link #1](https://redditsave.com/info?url=https://www.reddit.com/r/IndianDankMemes/comments/x3cbog/sigma_personality_achieved/)

#[Download link #2](https://saveredd.it/?url=https://www.reddit.com/r/IndianDankMemes/comments/x3cbog/sigma_personality_achieved/) 

#[Download link #3](https://viddit.red/?url=https://www.reddit.com/r/IndianDankMemes/comments/x3cbog/sigma_personality_achieved/) 

#[Link to Trim the Video](https://reddloader.com/download-post/?url=https://www.reddit.com/r/IndianDankMemes/comments/x3cbog/sigma_personality_achieved/&id=aafd4548)

*I am a bot, and this action was performed automatically. Please [contact the moderators of this subreddit](/message/compose/?to=/r/IndianDankMemes) if you have any questions or concerns.*"
1,Dont't you dare to think that he is a gay.....he is just a next level misogynist
2,![gif](giphy|NEvPzZ8bd1V4Y|downsized)
3,"just the usual sigma grinding set for me, please"
4,Dank
5,[deleted]
6,It's just misogyny with extra steps
7,did you find your father in it
8,*A father with a shotgun appears*
9,Somebody gets me ‚äÇ(‚óâ‚Äø‚óâ)„Å§
10,Ha bhay...pata nahi fir bhi mujhe log gay gay karte hai :(
11,üóø
12,Kick it up a notch!!
13,Ah yes!! The guy with 1 karma commenting normie jokes on every single post.
14,*Forgive me father for i have sinned*
