index,title,score,id,subreddit,url,num_comments,body,created
0,Be a hero,2821,x884iq,dankmemes,https://i.redd.it/r0z490csggm91.gif,208,,2022-09-07 21:00:56
1,Sample title,11198,x80tm0,dankmemes,https://i.redd.it/vw4lbe2cqem91.jpg,100,,2022-09-07 15:13:18
2,Nickelbad,31522,x7z5ef,dankmemes,https://i.redd.it/s98zmu7u7em91.jpg,1525,,2022-09-07 13:27:13
3,Gus on that grind,2415,x86qe7,dankmemes,https://i.redd.it/aelsly5r6gm91.jpg,66,,2022-09-07 20:04:42
4,Good luck everybody,1713,x88eqt,dankmemes,https://i.redd.it/pp73clqrigm91.jpg,22,,2022-09-07 21:12:19
5,Can‚Äôt stop the A-Train,7006,x80tob,dankmemes,https://i.redd.it/0pjuk0jrqem91.gif,44,,2022-09-07 15:13:25
6,upgrade your choice,9749,x7znuc,dankmemes,https://i.redd.it/277erikjdem91.png,110,,2022-09-07 13:59:38
7,I just ... wasn't ready,1066,x8aays,dankmemes,https://i.redd.it/255azgg1wgm91.png,95,,2022-09-07 22:27:36
8,It do be like that,1210,x88gb0,dankmemes,https://i.redd.it/ayubzaavigm91.gif,4,,2022-09-07 21:14:06
9,responsibility just increased by 1000,3279,x80p1f,dankmemes,https://i.redd.it/wr0905ecpem91.jpg,33,,2022-09-07 15:05:20
10,Water is the best,11001,x7x4gg,dankmemes,https://i.redd.it/ozs2j86qldm91.gif,184,,2022-09-07 11:23:23
11,Medium rare,1236,x84yjc,dankmemes,https://i.imgur.com/3h2sM6T.jpg,42,,2022-09-07 18:49:19
12,I want to get off the ride,2409,x80r58,dankmemes,https://i.imgur.com/8ubg27v.jpg,47,,2022-09-07 15:08:59
13,I'm sure shutting down all those nuclear power plants definitely helped,1981,x8150s,dankmemes,https://i.redd.it/r03by03buem91.jpg,131,,2022-09-07 15:33:08
14,smort,1926,x815wd,dankmemes,https://i.redd.it/85056wxkuem91.jpg,6,,2022-09-07 15:34:41
15,so called,7641,x7v6v0,dankmemes,https://i.redd.it/6r3z2pdekem91.jpg,139,,2022-09-07 09:37:36
16,No going back.,377,x8b8wt,dankmemes,https://i.redd.it/332vqslz2hm91.jpg,16,,2022-09-07 23:05:24
17,"No better chair than my face, madame !",919,x83k7g,dankmemes,https://i.redd.it/68wk6fcnhfm91.jpg,13,,2022-09-07 17:43:59
18,It takes one to know one.,5330,x7vf26,dankmemes,https://i.redd.it/vmz5a5705dm91.jpg,80,,2022-09-07 09:49:34
19,Memes Meme,676,x84nnt,dankmemes,https://i.redd.it/sjdd1i7vqfm91.gif,2,,2022-09-07 18:35:40
20,oh wait I don't have any friends,823,x839dc,dankmemes,https://i.redd.it/q0k27oyyefm91.gif,9,,2022-09-07 17:29:06
21,Who is that guy?,1045,x80myc,dankmemes,https://i.redd.it/rbrlceyooem91.gif,12,,2022-09-07 15:01:41
22,One of them is not like the other,207,x8cce2,dankmemes,https://i.redd.it/oc72jzxkahm91.jpg,16,,2022-09-07 23:49:14
23,you never abandon a pet,502,x84xw6,dankmemes,https://i.redd.it/a18a6pm5tfm91.jpg,11,,2022-09-07 18:48:28
24,this explains so much,63691,x7l1bx,dankmemes,https://i.redd.it/omey87sbbcm91.jpg,1678,,2022-09-07 02:03:16
25,Truly a scrumptious delicacy for the palate of a junior connoisseur.,216,x8a531,dankmemes,https://i.redd.it/r5dsp7caugm91.gif,8,,2022-09-07 22:20:59
26,Pay to Win Moment,247,x870bt,dankmemes,https://i.redd.it/6ey6jf5s8gm91.jpg,7,,2022-09-07 20:16:07
27,Very creative,765,x7zsfi,dankmemes,https://i.redd.it/n8dtytq3fem91.gif,10,,2022-09-07 14:08:03
28,"For legal reasons, he did it in gta",138,x8afvj,dankmemes,https://i.redd.it/hj3uzyv3xgm91.gif,1,,2022-09-07 22:32:55
29,Dragons are more likely,1084,x7x43l,dankmemes,https://i.redd.it/1mm7kz0nldm91.jpg,22,,2022-09-07 11:22:47
30,Don‚Äôt make me Tappa Tappa Tappa the sign,347,x8349d,dankmemes,https://i.redd.it/l31p4elndfm91.jpg,8,,2022-09-07 17:21:35
31,We are living in 1984,14862,x7kjyn,dankmemes,https://i.redd.it/ddn2dpibqam91.jpg,681,,2022-09-07 01:44:12
32,dude.,152,x88pmp,dankmemes,https://i.imgur.com/qvwC2wG.jpg,6,,2022-09-07 21:24:46
33,Any day now‚Ä¶,181,x8652g,dankmemes,https://i.redd.it/e1svi7ti2gm91.jpg,6,,2022-09-07 19:41:00
34,what's the fucking point of even trying? No one wants to work my ass.,10302,x7jlse,dankmemes,https://i.redd.it/g9pheg631cm91.jpg,192,,2022-09-07 01:05:48
35,Big Boat goes PUHPUHPUHPUH,161,x86zon,dankmemes,https://i.imgur.com/2w6x1sI.jpg,8,,2022-09-07 20:15:21
36,slow gang,79,x8clek,dankmemes,https://i.redd.it/n5o2ydqochm91.png,3,,2022-09-07 23:59:45
37,kinda.. yeah,12218,x7hvjg,dankmemes,https://i.redd.it/8uh7guo27am91.gif,21,,2022-09-06 23:55:54
38,Only an A+ is acceptable,232,x82yoa,dankmemes,https://i.redd.it/71ggz3d7cfm91.gif,8,,2022-09-07 17:13:33
39,"I mean, they literally built a pc in Minecraft...",77,x8bg0f,dankmemes,https://i.redd.it/jcdn54j74hm91.gif,3,,2022-09-07 23:13:06
40,Veri nice mim,270,x81fsc,dankmemes,https://i.redd.it/2nudrle3xem91.jpg,6,,2022-09-07 15:50:55
41,Can‚Äôt Stop Winning All The Time,153,x84bh3,dankmemes,https://i.redd.it/m5ztske6ofm91.gif,2,,2022-09-07 18:20:36
42,Too much wine,90,x88d3i,dankmemes,https://i.redd.it/la8mi3jfigm91.jpg,5,,2022-09-07 21:10:34
43,stronk,49,x8deyl,dankmemes,https://i.redd.it/5ca2x8bjihm91.jpg,4,,2022-09-08 00:32:33
44,meths,67,x8aqx5,dankmemes,https://i.redd.it/5qp66t0fzgm91.jpg,1,,2022-09-07 22:45:22
45,A bit late,103,x864p5,dankmemes,https://i.redd.it/iwi53kue2gm91.jpg,9,,2022-09-07 19:40:35
46,why??,139,x83o1v,dankmemes,https://i.redd.it/xpo2g2lmifm91.jpg,3,,2022-09-07 17:49:31
47,Please clean your ass,181,x821be,dankmemes,https://i.redd.it/6mz73v8o3fm91.jpg,15,,2022-09-07 16:25:40
48,I feel much better now,6562,x7g4zm,dankmemes,https://i.redd.it/jt7kzdjlu9m91.jpg,9,,2022-09-06 22:45:57
49,SexEd ?,100,x85ks8,dankmemes,https://i.redd.it/rdxg2s58yfm91.jpg,6,,2022-09-07 19:16:57
50,He is just better,368,x7xmvo,dankmemes,https://i.redd.it/nii8uw68rdm91.jpg,8,,2022-09-07 11:54:06
51,Split second cost-benefit analysis.,61,x89a67,dankmemes,https://i.redd.it/8moz9o8yogm91.jpg,4,,2022-09-07 21:46:42
52,Who tf wants the book option,1406,x7ostx,dankmemes,https://i.redd.it/sxaardjmlbm91.jpg,11,,2022-09-07 04:39:08
53,Would You select the Square?,35,x8d1lt,dankmemes,https://i.redd.it/aubns0pvehm91.jpg,2,,2022-09-08 00:17:52
54,He heard many things last night,59,x89bje,dankmemes,https://i.redd.it/sgdcdlg7pgm91.gif,2,,2022-09-07 21:48:15
55,beemecha,30,x8e4f4,dankmemes,https://i.redd.it/5rb9y7qjnhm91.jpg,8,,2022-09-08 01:00:36
56,hairgasm,41,x8b8gz,dankmemes,https://i.redd.it/qnf61n6fkim91.gif,5,,2022-09-07 23:04:52
57,"I have 2 h's in my life, homeless and h0eless",63,x87jnt,dankmemes,https://i.redd.it/zp4k43dpcgm91.jpg,1,,2022-09-07 20:38:05
58,main meme provider,203,x7zdj0,dankmemes,https://i.redd.it/6oo0hg8aaem91.jpg,3,,2022-09-07 13:40:56
59,here's a new flavor for your rig,149,x80uw6,dankmemes,https://i.imgur.com/zt3hpVc.jpg,1,,2022-09-07 15:15:36
60,Stop it please,38,x8a111,dankmemes,https://i.redd.it/on3nbei9ugm91.jpg,7,,2022-09-07 22:16:28
61,Every empire eventually falls,52,x87nrz,dankmemes,https://i.redd.it/mly0xx7jdgm91.jpg,3,,2022-09-07 20:42:40
62,Get schwifty,178,x7zl6o,dankmemes,https://i.redd.it/5f1vkc09ufm91.jpg,3,,2022-09-07 13:54:38
63,Less go,53,x86hql,dankmemes,https://i.redd.it/4028gwlz4gm91.gif,1,,2022-09-07 19:54:57
64,boiled balls,57,x862bi,dankmemes,https://i.redd.it/w2diba8y1gm91.jpg,1,,2022-09-07 19:37:49
65,Round and round we go,23,x8dz36,dankmemes,https://i.redd.it/di5enimfmhm91.gif,1,,2022-09-08 00:54:42
66,Really who created this crap i just wanna talk,61,x85tht,dankmemes,https://i.redd.it/xilnpi540gm91.jpg,8,,2022-09-07 19:27:37
67,At least I didn't get shot,335,x7v9hk,dankmemes,https://i.redd.it/kusncoy1lem91.jpg,28,,2022-09-07 09:41:18
68,"This is why I miss orkut (you don't even remember orkut, do you?)",54,x85yyu,dankmemes,https://i.redd.it/t22r8q631gm91.png,1,,2022-09-07 19:33:51
69,risky click of the day,51,x86tb9,dankmemes,https://i.redd.it/i0rxj2zuohm91.jpg,9,,2022-09-07 20:07:58
70,I've never felt so ashamed,32,x8ajr1,dankmemes,https://i.redd.it/wdyu583ifim91.jpg,3,,2022-09-07 22:37:17
71,They just won't shut up,31,x8a2w4,dankmemes,https://i.redd.it/o436jrm5cim91.gif,4,,2022-09-07 22:18:35
72,what's your name again?,20509,x76xrh,dankmemes,https://i.redd.it/1okjvkcps7m91.jpg,64,,2022-09-06 15:51:41
73,Funni,74,x83e4g,dankmemes,https://i.redd.it/7qv16s53gfm91.jpg,7,,2022-09-07 17:35:14
74,Gus Fring meme,8554,x79pgx,dankmemes,https://i.redd.it/niesby0sh8m91.gif,45,,2022-09-06 18:15:49
75,Spelling mistake intended,354,x7u3ug,dankmemes,https://i.redd.it/2b453fobtcm91.jpg,17,,2022-09-07 08:44:05
76,tank wins again,27,x8ahb7,dankmemes,https://i.redd.it/5prphprhxgm91.jpg,3,,2022-09-07 22:34:34
77,She deserves some credit.,18,x8dotv,dankmemes,https://i.redd.it/pdmvy8uz1jm91.jpg,5,,2022-09-08 00:43:22
78,no judging,74,x82qoc,dankmemes,https://i.redd.it/9e9ebp56afm91.jpg,2,,2022-09-07 17:02:06
79,melküòã,26,x8bmjn,dankmemes,https://i.redd.it/5j0pripk5hm91.gif,1,,2022-09-07 23:20:19
80,Mmmmm,218,x7wtlc,dankmemes,https://i.redd.it/wfwbfgc2idm91.jpg,7,,2022-09-07 11:05:31
81,Time to use my tears as lube,17,x8duol,dankmemes,https://i.redd.it/msiyp2omlhm91.jpg,2,,2022-09-08 00:49:53
82,Emotional rollercoaster,1987,x7gycb,dankmemes,https://i.redd.it/3dltn3cf0am91.gif,30,,2022-09-06 23:18:42
83,I‚Äôm gonna need to see that receipt‚Ä¶,405,x7sh1o,dankmemes,https://i.redd.it/pa1dv8djfcm91.jpg,9,,2022-09-07 07:26:53
84,Must've felt nice,25,x8acfw,dankmemes,https://i.imgur.com/1rx7LJN.gif,1,,2022-09-07 22:29:15
85,*insert 25 joker here*,28,x88vuy,dankmemes,https://i.imgur.com/VPCLdX3.jpg,4,,2022-09-07 21:31:20
86,it will never not be funny,50,x84onu,dankmemes,https://i.redd.it/2udtbowl8hm91.jpg,2,,2022-09-07 18:36:52
87,*bonk* *bonk*,15,x8era6,dankmemes,https://i.redd.it/l4w8un42shm91.jpg,2,,2022-09-08 01:25:56
88,Aneurysms are fun,82,x816o2,dankmemes,https://i.redd.it/af76z3nsuem91.jpg,2,,2022-09-07 15:35:54
89,Bi be like:,17,x8cgsc,dankmemes,https://i.redd.it/elb7fu4kbhm91.png,10,,2022-09-07 23:54:17
90,don't threaten me with a good time,5353,x79qlu,dankmemes,https://i.redd.it/2vtbz1aoi8m91.jpg,15,,2022-09-06 18:17:19
91,Corn?,43,x85718,dankmemes,https://i.redd.it/zppugpuuufm91.gif,4,,2022-09-07 19:00:02
92,Ezekiel 69:420,42,x8501n,dankmemes,https://i.redd.it/tyxjd3rmtfm91.jpg,1,,2022-09-07 18:51:08
93,ahem...,69,x819j8,dankmemes,https://i.redd.it/sq9cwzwmvem91.jpg,5,,2022-09-07 15:40:36
94,yeah sure I'm going to draw you naked on a drowning boat,6329,x789mf,dankmemes,https://i.redd.it/af72rnfy58m91.jpg,52,,2022-09-06 17:05:58
95,Surely it‚Äôs all clean content‚Ä¶. Right?,27,x87q2q,dankmemes,https://i.redd.it/8cedcwgzdgm91.jpg,2,,2022-09-07 20:45:16
96,It‚Äôs not the team someone should want to be on.,67,x815ho,dankmemes,https://i.redd.it/quqaoubguem91.jpg,4,,2022-09-07 15:33:58
97,That is a nice view,20,x8alhl,dankmemes,https://i.redd.it/wg4tovmbygm91.png,1,,2022-09-07 22:39:14
98,Orphans,33,x84ugx,dankmemes,https://i.redd.it/7zmc8urdsfm91.jpg,2,,2022-09-07 18:44:09
99,"So brave, supporting LGBTQ mommies",2767,x7brx0,dankmemes,https://i.redd.it/r8ksm9ijy8m91.gif,29,,2022-09-06 19:47:50
100,Or when earth is called ‚ÄúTerra‚Äù,232,x7u1gr,dankmemes,https://i.redd.it/9290y42rscm91.jpg,22,,2022-09-07 08:40:51
101,Why tho,47,x83o5f,dankmemes,https://i.redd.it/dv0afjdnifm91.jpg,6,,2022-09-07 17:49:39
102,ye i still do your mom jokes,67,x811d4,dankmemes,https://i.redd.it/ixqe2zy9tem91.jpg,1,,2022-09-07 15:27:22
103,"did you know, I am hot",117,x7y0th,dankmemes,https://i.redd.it/xidqj3xcvdm91.jpg,8,,2022-09-07 12:17:17
104,I'm a helpful üóø of society,10,x8dxdf,dankmemes,https://i.redd.it/nnjxn9vn3jm91.jpg,2,,2022-09-08 00:52:47
105,"i know that, you know that, we all know that",55,x81rzk,dankmemes,https://i.redd.it/adwcjcpz0fm91.gif,8,,2022-09-07 16:10:52
106,just live and let live,36,x84rtg,dankmemes,https://i.redd.it/dcitc19srfm91.png,1,,2022-09-07 18:40:47
107,Max Max Max Super Max Max Super Super Max,35,x84y4r,dankmemes,https://i.redd.it/dbjulff7tfm91.gif,5,,2022-09-07 18:48:47
108,Mmmm,5771,x77h59,dankmemes,https://i.redd.it/uf8klhiay7m91.jpg,42,,2022-09-06 16:23:00
109,please. just be clean.,4618,x78for,dankmemes,https://i.redd.it/h6xoo82j78m91.png,199,,2022-09-06 17:14:47
110,They‚Äôre innovating constantly,18,x888gl,dankmemes,https://i.imgur.com/0xhN3jm.jpg,1,,2022-09-07 21:05:18
111,"the first thing I do when I get my paycheck is cover rent with it, going without food some days, and the asshole still wants more! JFC",24,x86rd8,dankmemes,https://i.redd.it/1075kfigohm91.jpg,8,,2022-09-07 20:05:45
112,B*rdsü§Æ,225,x7svbq,dankmemes,https://i.redd.it/5caix3psicm91.jpg,7,,2022-09-07 07:45:03
113,All u can eat buffet,2604,x7am16,dankmemes,https://i.redd.it/2uzrz05cp8m91.gif,33,,2022-09-06 18:56:08
114,le epic trolling has arrived,26,x85x6m,dankmemes,https://i.imgur.com/O9pJz8s.jpg,6,,2022-09-07 19:31:45
115,Works every time,323,x7q57z,dankmemes,https://i.redd.it/xksvq0esddm91.jpg,2,,2022-09-07 05:38:46
116,What is the difference between iPhone 14 and iPhone 13?,11,x8d0vd,dankmemes,https://i.redd.it/cst35apaxim91.jpg,3,,2022-09-08 00:17:02
117,It has gotten us all,20,x87r0p,dankmemes,https://i.imgur.com/aePElg4.jpg,3,He was a good boy,2022-09-07 20:46:18
118,Look at little chef jr. Gonna cry?,38,x82kok,dankmemes,https://i.redd.it/h1kxecvf7fm91.gif,1,,2022-09-07 16:53:45
119,They'll send the part-timer,77,x7yttp,dankmemes,https://i.redd.it/w2qjg7us3em91.gif,3,,2022-09-07 13:06:42
120,guess what it could be,622,x7kd1m,dankmemes,https://i.redd.it/l35ol8l1pam91.jpg,35,,2022-09-07 01:36:31
121,Democracy Manifest,15,x88sld,dankmemes,https://i.redd.it/sm63vqk63im91.jpg,4,,2022-09-07 21:28:13
122,Pain,8,x8ealb,dankmemes,https://i.redd.it/10bxraq86jm91.jpg,1,,2022-09-08 01:07:10
123,Wha..,12,x8aaj0,dankmemes,https://i.redd.it/wi2l6v05wgm91.jpg,1,,2022-09-07 22:27:05
124,gaee,13,x8amy5,dankmemes,https://i.redd.it/ah8c87xlygm91.jpg,4,,2022-09-07 22:40:50
125,"I see, you have potential.",33,x82ykb,dankmemes,https://i.redd.it/0pc8jn17cfm91.jpg,3,,2022-09-07 17:13:25
126,‚Äé ‚Äé ‚Äé ‚Äé ‚Äé ‚Äé,8,x8epiw,dankmemes,https://i.redd.it/tz5j7se89jm91.jpg,1,,2022-09-08 01:24:00
127,Someone was giving boos to these God damn animals!,21,x861md,dankmemes,https://i.redd.it/e37j1avs1gm91.gif,1,,2022-09-07 19:37:01
128,mod deleted my previous meme,55,x80c9n,dankmemes,https://i.redd.it/ek4fgo303gm91.jpg,7,,2022-09-07 14:43:40
129,You also judge a movie after seeing only a quarter of it?,7,x8ehlw,dankmemes,https://i.redd.it/vbhfonrm7jm91.gif,9,,2022-09-08 01:14:59
130,futur of comedy is comedians sharing their memes,2853,x78agv,dankmemes,https://i.redd.it/0uvb98i668m91.jpg,11,,2022-09-06 17:07:13
131,true story,7,x8e192,dankmemes,https://i.redd.it/cnb5l4wwmhm91.jpg,1,,2022-09-08 00:57:06
132,maybe it is,28,x83nbu,dankmemes,https://i.redd.it/qofqzcefifm91.png,7,,2022-09-07 17:48:28
133,sadge,19,x86bbn,dankmemes,https://i.redd.it/j2iq3yds3gm91.gif,1,,2022-09-07 19:48:14
134,At least he won't be hungry now.,356,x7nh4r,dankmemes,https://i.redd.it/pna8exd0tcm91.jpg,1,,2022-09-07 03:42:18
135,*Holds Back Yawn*,52,x7zign,dankmemes,https://i.redd.it/p2o765setfm91.jpg,4,,2022-09-07 13:49:54
136,Things Just Not Working Out,60,x7z3ks,dankmemes,https://i.redd.it/rn0np6017em91.png,3,,2022-09-07 13:24:01
137,Whoa Momma,108,x7vf10,dankmemes,https://i.redd.it/hjhk8hxz4dm91.jpg,20,,2022-09-07 09:49:31
138,It is that time again my dudes,79,x7wtlq,dankmemes,https://i.redd.it/a4wp4m0gidm91.png,7,,2022-09-07 11:05:32
139,Its funny,1267,x7ceee,dankmemes,https://i.redd.it/0av62i5g39m91.gif,14,,2022-09-06 20:14:08
140,MatPats 4th channel,10,x8azo9,dankmemes,https://i.redd.it/fgl5mukoiim91.jpg,3,,2022-09-07 22:55:07
141,im that guy,8,x8bvk3,dankmemes,https://i.redd.it/voli8l1f7hm91.png,3,,2022-09-07 23:30:22
142,Damn hooker lied! She told me she was clean!,20,x84ooi,dankmemes,https://i.redd.it/ieb45rl1rfm91.gif,3,,2022-09-07 18:36:53
143,Crispy Meme #777,70,x7x855,dankmemes,https://i.redd.it/83ver0df4fm91.jpg,2,,2022-09-07 11:29:51
144,Thousands of years ago.,42,x7zyl4,dankmemes,https://i.redd.it/azri3nn4hem91.jpg,1,,2022-09-07 14:19:16
145,Being a cartoon fan is suffering.,18,x85mei,dankmemes,https://i.redd.it/3mvnvn4lyfm91.jpg,1,,2022-09-07 19:18:55
146,Jokes on you ‚Äî I'm human.,69,x7xac2,dankmemes,https://i.redd.it/6996fqg8ndm91.jpg,5,,2022-09-07 11:33:03
147,"Tom from ""My Space"" is a cool guy, but let me introduce you to Orkut B√ºy√ºkk√∂kten",14,x86rhs,dankmemes,https://i.redd.it/f9zhbovj6gm91.jpg,1,,2022-09-07 20:05:53
148,The time to ride the sky is now,16,x848cs,dankmemes,https://i.redd.it/hz7309nfnfm91.jpg,2,,2022-09-07 18:16:28
149,Here is your hourly anti-vegan meme guys,36,x7zuky,dankmemes,https://i.redd.it/yu4l7n9nfem91.png,3,,2022-09-07 14:11:54
150,hamburg Halper is br√∂ther,38,x7zkrs,dankmemes,https://i.redd.it/c5tgmee4ufm91.jpg,1,,2022-09-07 13:53:54
151,Chill donkey chill,77,x7wev1,dankmemes,https://i.redd.it/ld8926jiedm91.gif,2,,2022-09-07 10:42:53
152,i hate exams,1176,x7bbdl,dankmemes,https://i.redd.it/rcbyfj69v8m91.gif,34,,2022-09-06 19:28:05
153,Visible anger,8840,x72hu5,dankmemes,https://i.redd.it/1xbtr2sbg6m91.gif,32,,2022-09-06 11:20:36
154,Instructions unclear,15644,x71296,dankmemes,https://i.redd.it/tdcsrq5726m91.gif,105,,2022-09-06 10:01:21
155,Gotcha,18,x83nz1,dankmemes,https://i.redd.it/5rsyvi8mifm91.jpg,2,,2022-09-07 17:49:24
156,It's Nerf or Nuthin,88,x7u7ky,dankmemes,https://i.redd.it/hyu7h1sxtcm91.gif,4,,2022-09-07 08:49:00
157,The catgirls go nyaaa,1296,x79m3l,dankmemes,https://i.redd.it/x9hwxx7kh8m91.png,28,,2022-09-06 18:11:20
158,This is an untrue meme. I do not masturbate,243,x7mu62,dankmemes,https://i.redd.it/b8121hvt6bm91.jpg,20,,2022-09-07 03:16:12
159,Nani? for real?,125,x7rgyb,dankmemes,https://i.redd.it/zv1fbiz77cm91.gif,6,,2022-09-07 06:40:11
160,"ok, tell me again how being black is part of your sexuality",5,x8elxb,dankmemes,https://i.redd.it/udpx9lkzqhm91.jpg,5,,2022-09-08 01:19:53
161,And I took that personally,1927,x775k4,dankmemes,https://i.redd.it/oqflbhexu7m91.gif,17,,2022-09-06 16:04:16
162,Why they gotta look so good,875,x7bvia,dankmemes,https://i.redd.it/16r7yvpkz8m91.gif,9,,2022-09-06 19:52:17
163,I‚Äôm tired of seeing it,16,x84ncw,dankmemes,https://i.redd.it/2howopusqfm91.jpg,4,,2022-09-07 18:35:16
164,There‚Äôs always a bigger fish,112,x7s2vx,dankmemes,https://i.redd.it/2f5nfpb8ccm91.jpg,4,,2022-09-07 07:08:15
165,Can we get much higher,4,x8e29d,dankmemes,https://i.redd.it/s0kzdr22nhm91.png,1,,2022-09-08 00:58:18
166,Let's see Paul Allen's Joker card,479,x7gj7b,dankmemes,https://i.redd.it/mqqtlsifx9m91.jpg,5,,2022-09-06 23:01:45
167,"I believe in god, just don't believe everything in religious books",24,x80jqf,dankmemes,https://i.redd.it/7w6tzlornem91.jpg,4,,2022-09-07 14:56:29
168,Its the truth,4,x8dvs0,dankmemes,https://i.redd.it/zxrbfx9ulhm91.jpg,4,,2022-09-08 00:51:01
169,this was unexpected,194,x7nogk,dankmemes,https://i.redd.it/wzx1rb40dbm91.jpg,1,,2022-09-07 03:50:48
170,AI is the new frontier for Art,52,x7wnvu,dankmemes,https://i.redd.it/agawdujygdm91.png,3,,2022-09-07 10:56:45
171,How can someone who has never met me describe my entire life in a song,21,x81iuo,dankmemes,https://i.redd.it/hrcvcoycyem91.jpg,1,,2022-09-07 15:55:51
172,beautiful,922,x7aqd5,dankmemes,https://i.redd.it/ft58b8zkq8m91.jpg,18,,2022-09-06 19:01:37
173,No time to waste!,180,x7nqvf,dankmemes,https://i.redd.it/198xojzhdbm91.gif,5,,2022-09-07 03:53:39
174,"I don't know what to put here, nor do I care.",10,x84dfb,dankmemes,https://i.redd.it/po1wo9vmofm91.jpg,2,,2022-09-07 18:23:07
175,don't threaten me with good time,2024,x75wza,dankmemes,https://i.redd.it/me1od21qh7m91.jpg,23,,2022-09-06 14:50:09
176,It'll blow over.,135,x7pdnd,dankmemes,https://i.redd.it/fz0glrvhobm91.jpg,4,,2022-09-07 05:04:24
177,off to the 7th realm to deliver a Mac book,28,x7yqj4,dankmemes,https://i.redd.it/m1mt0vfnkfm91.jpg,8,,2022-09-07 13:00:48
178,Had to learn to appeal to a new audience,10,x8493v,dankmemes,https://i.redd.it/fmjlx0omnfm91.jpg,2,,2022-09-07 18:17:29
179,Elon Musk be like,8,x87m76,dankmemes,https://i.redd.it/wgwhqscquhm91.jpg,2,,2022-09-07 20:40:56
180,"You breed, someone's gonna bleed!",11,x83jlc,dankmemes,https://i.redd.it/fg268kobhfm91.gif,1,,2022-09-07 17:43:04
181,"Yeah, this is our norm now.",60489,x6ux07,dankmemes,https://i.redd.it/n0yr0iu0m4m91.gif,1145,,2022-09-06 05:08:56
182,I submit ‚ÄúPoop Stool‚Äù to the English lexicon,81,x7sli9,dankmemes,https://i.redd.it/0i0w7ruigcm91.jpg,12,,2022-09-07 07:32:19
183,why does this make so much sense?,91,x7rtea,dankmemes,https://i.redd.it/ajzdqw8u9cm91.png,3,,2022-09-07 06:55:56
184,I hope I'm doing it right.,44,x7we1q,dankmemes,https://i.redd.it/d5t1bguaedm91.gif,1,,2022-09-07 10:41:38
185,"Time is money, I guess",6100,x70m7i,dankmemes,https://i.redd.it/ypmmxzv1y5m91.gif,15,,2022-09-06 09:38:33
186,Did he really make a Beatles Meme?,5,x886nr,dankmemes,https://i.redd.it/ipksm8l7hgm91.jpg,2,,2022-09-07 21:03:19
187,Curse B Gone. My mom is safe.,47,x7vpl1,dankmemes,https://i.redd.it/u4kvybam7dm91.jpg,3,,2022-09-07 10:04:59
188,wow an oc,41,x7w9gf,dankmemes,https://i.redd.it/68g5qon2ddm91.jpg,3,,2022-09-07 10:34:47
189,Don‚Äôt catcall me‚Ä¶ whilst I twerk in a professional work setting in front of the entire office,9,x84kly,dankmemes,https://i.redd.it/e5d95ua6qfm91.jpg,5,,2022-09-07 18:31:51
190,Verbal parkour,177,x7lmod,dankmemes,https://i.imgur.com/9HT62Sn.jpg,15,,2022-09-07 02:27:55
191,"Chrises Pine, Pinecone and Pineapple",14,x822j5,dankmemes,https://i.redd.it/7ugs4b414fm91.jpg,2,,2022-09-07 16:27:38
192,Hol up,120,x7o6w0,dankmemes,https://i.redd.it/uvr2l7cxgbm91.jpg,13,,2022-09-07 04:12:47
193,huh....,174,x7l5c5,dankmemes,https://i.redd.it/7nxkkws5ccm91.png,16,,2022-09-07 02:07:55
194,it do be like that,514,x7caox,dankmemes,https://i.redd.it/pzhdbw8l29m91.png,59,,2022-09-06 20:09:39
195,All those hours for nothing,37,x7wk6k,dankmemes,https://i.redd.it/mipxsk8sfdm91.gif,3,,2022-09-07 10:51:01
196,Leap years,878,x785bt,dankmemes,https://i.redd.it/sc09tcpv48m91.jpg,14,,2022-09-06 16:59:55
197,Harry Potter and the Drug Run,12565,x6x1da,dankmemes,https://i.redd.it/tsqrylwi35m91.jpg,98,,2022-09-06 06:47:16
198,he forgot something,12,x828uw,dankmemes,https://i.redd.it/e077x8265fm91.jpg,2,,2022-09-07 16:36:35
199,Both are cold,86,x7pvka,dankmemes,https://i.redd.it/i22mfwq5ubm91.jpg,1,,2022-09-07 05:26:59
200,"Yup, I'm ready for the winter...",48,x7t809,dankmemes,https://i.redd.it/hm354vdblcm91.gif,9,,2022-09-07 08:01:37
201,"My partner is, and she loved it. I, however, am not. Sorry!",15810,x6wn4h,dankmemes,https://i.redd.it/22nbip7c05m91.jpg,202,,2022-09-06 06:29:10
202,Whoops,40,x7vda6,dankmemes,https://i.redd.it/aowo3gne4dm91.png,3,,2022-09-07 09:46:51
203,Truly what‚Äôs important in society,204,x7i8nz,dankmemes,https://i.redd.it/k4il9x0t9am91.jpg,3,,2022-09-07 00:11:12
204,I unironically like D&D 2000 film,9,x82obm,dankmemes,https://i.redd.it/13odfhfj9fm91.png,1,,2022-09-07 16:59:02
205,and the advice is absolute shit,302,x7f2gy,dankmemes,https://i.redd.it/ftm4rf62n9m91.gif,3,,2022-09-06 22:03:40
206,Freedom Isn‚Äôt Free,3,x8dyh0,dankmemes,https://i.redd.it/vwg1m1sdmhm91.jpg,4,,2022-09-08 00:54:03
207,I'm a helpful üóø of society,2,x8dwyr,dankmemes,https://i.redd.it/un6z9qsk3jm91.jpg,1,,2022-09-08 00:52:20
208,funny funny,786,x77k8c,dankmemes,https://i.redd.it/xsrvqkz5z7m91.jpg,9,,2022-09-06 16:27:55
209,making transformers memes until i get splatoon 3 (day 7),4,x87yff,dankmemes,https://i.redd.it/nrl71lukfgm91.jpg,1,,2022-09-07 20:54:24
210,"pretty sure they are actually hippopotamus, but okay.",7,x84ii0,dankmemes,https://i.redd.it/5znh8hfb7hm91.jpg,4,,2022-09-07 18:29:37
211,I did not anticipate this‚Ä¶,1782,x72xfs,dankmemes,https://i.redd.it/8lb8siouk6m91.gif,13,,2022-09-06 11:45:54
212,how they gonna do me like this,9,x839vh,dankmemes,https://i.redd.it/0cpifuk4ffm91.jpg,2,,2022-09-07 17:29:52
213,dark mode for me,68,x7q47m,dankmemes,https://i.redd.it/hm3t0g4kddm91.png,7,,2022-09-07 05:37:31
214,Especially if we make it obvious,37,x7tgzp,dankmemes,https://i.redd.it/xk96yodvncm91.png,11,,2022-09-07 08:13:31
215,"Toothpaste brushing, breakfast, just brushing",4,x8932d,dankmemes,https://i.redd.it/t5e791alngm91.png,24,,2022-09-07 21:39:11
216,"Sometimes gotta go with what is quicker, easier and still excellent!",22,x7w9g0,dankmemes,https://i.redd.it/296r0u92ddm91.gif,3,,2022-09-07 10:34:45
217,she just wants a free meal or something,694,x76x2e,dankmemes,https://i.redd.it/ao1uxolhs7m91.jpg,4,,2022-09-06 15:50:32
218,Who tf even uses the first two?,405,x7a2g9,dankmemes,https://i.redd.it/n0u1bi6al8m91.jpg,40,,2022-09-06 18:31:52
219,"Mmm, yummy",92,x7lwcm,dankmemes,https://i.redd.it/2d26i8p10bm91.jpg,4,,2022-09-07 02:38:11
220,Hell yeah I‚Äôm coming!,42,x7rxp6,dankmemes,https://i.redd.it/nv7yftz0bcm91.jpg,1,,2022-09-07 07:01:30
221,I am sure there's lesson in there...,2,x8bjq3,dankmemes,https://i.redd.it/akp6l7435hm91.jpg,2,,2022-09-07 23:17:07
222,I want your heart,315,x7bfrs,dankmemes,https://i.redd.it/f72h7f76w8m91.jpg,13,,2022-09-06 19:33:02
223,Poison dart frogs be like,111,x7jopp,dankmemes,https://i.redd.it/afs8l6i5kam91.jpg,3,,2022-09-07 01:09:20
224,A little motivation for you late nighters,1983,x70re7,dankmemes,https://i.redd.it/1sexi7hxg7m91.gif,37,,2022-09-06 09:45:44
225,I didn‚Äôt say that I was proud of myself‚Ä¶,28,x7tnh7,dankmemes,https://i.redd.it/699oh5afpcm91.jpg,1,,2022-09-07 08:22:12
226,No get out of jail card though.,151,x7gk82,dankmemes,https://i.redd.it/kky6mtdnx9m91.jpg,3,,2022-09-06 23:02:58
227,"Mmm, yummy Krabby Patty",261,x7c6in,dankmemes,https://i.redd.it/985iuy5r19m91.jpg,5,,2022-09-06 20:04:46
228,Go and get Missouri,27,x7sveb,dankmemes,https://i.redd.it/ymcko1ysicm91.jpg,3,,2022-09-07 07:45:09
229,I finally beat him,688,x75jdi,dankmemes,https://i.redd.it/371i3ytnd7m91.gif,5,,2022-09-06 14:27:36
230,‚ÄúThat the best you got?!‚Äù ü§ì,7354,x6t3qy,dankmemes,https://i.redd.it/8zddjstw74m91.jpg,74,,2022-09-06 03:49:48
231,oh boy,0,x8ern0,dankmemes,https://i.redd.it/ltmd79l4shm91.jpg,1,,2022-09-08 01:26:19
232,I‚Äôm going to call my butthole the Dynamic Island.,1,x8eodi,dankmemes,https://i.imgur.com/Q4CbruV.jpg,2,,2022-09-08 01:22:41
233,Wednesday,15,x7x5z9,dankmemes,https://i.redd.it/lsgotlm7mdm91.jpg,1,,2022-09-07 11:25:59
234,If I ever find that person they‚Äôre catching these hands,18,x7wbi0,dankmemes,https://i.redd.it/cm62k6ymddm91.jpg,5,,2022-09-07 10:37:57
235,title,61,x7miam,dankmemes,https://i.redd.it/qpz7ms2e4bm91.jpg,4,,2022-09-07 03:02:33
236,This happens every time,25,x7swci,dankmemes,https://i.redd.it/s1y5ybxxicm91.png,12,,2022-09-07 07:46:22
237,he can't get higher.,152,x7ebvw,dankmemes,https://i.redd.it/oz3df5o6zam91.jpg,4,,2022-09-06 21:33:27
238,Why is the legal drinking age 21 in the US?,856,x73b77,dankmemes,https://media3.giphy.com/media/4fYfTi1DJLzkkg3blc/giphy.gif,55,,2022-09-06 12:09:07
239,So nice of them trying to learn about new cultures,16381,x6p4ze,dankmemes,https://i.redd.it/hoa2j3hye3m91.gif,62,,2022-09-06 01:07:40
240,I only need about tree fiddy,240,x7agg5,dankmemes,https://i.redd.it/w7mhq0m9o8m91.jpg,8,,2022-09-06 18:49:14
241,Posting memes until I get my master's degree day 651 meme 940,48,x7ndw1,dankmemes,https://i.redd.it/6yf1qeutabm91.jpg,1,,2022-09-07 03:38:39
242,"Wait, am I the bad guy?",20,x7t1yr,dankmemes,https://i.redd.it/iiv49ueakcm91.jpg,14,,2022-09-07 07:53:36
243,... ahem ...,23,x7t7kf,dankmemes,https://i.redd.it/u3mc1qzjlcm91.jpg,2,,2022-09-07 08:01:02
244,I made this for my Mom's 60th birthday,1138,x712q9,dankmemes,https://i.redd.it/u3msqko926m91.png,9,,2022-09-06 10:02:01
245,Tofu man can solo the whole olympics no cap legit,11,x7wuyv,dankmemes,https://i.redd.it/gdsuoefyidm91.jpg,3,,2022-09-07 11:07:45
246,doesn't help that I work night shift and I have to stay awake for 5 hours for everything to open up,16,x7u4j0,dankmemes,https://i.redd.it/ecqftm90bem91.jpg,3,,2022-09-07 08:45:00
247,Desperado was a great movie!!,36,x7pwi4,dankmemes,https://i.redd.it/ejkb7mucubm91.gif,0,,2022-09-07 05:28:13
248,we are the apocalypse,39,x7nbgy,dankmemes,https://i.redd.it/f0zjgk0cabm91.jpg,4,,2022-09-07 03:35:51
249,Look meme no title,94,x7gupe,dankmemes,https://i.redd.it/khj6goqpz9m91.jpg,0,,2022-09-06 23:14:44
250,I'm just confused now,22,x7s58k,dankmemes,https://i.redd.it/ztbwvyycccm91.gif,1,,2022-09-07 07:11:21
251,Twitch Moment,53,x7l8ai,dankmemes,https://i.redd.it/aha8faarccm91.jpg,2,,2022-09-07 02:11:23
252,He about to get these hands (:<,26,x7qmrw,dankmemes,https://i.redd.it/lcnx8kt90cm91.jpg,1,,2022-09-07 06:01:13
253,Stinks,47,x7lrnz,dankmemes,https://i.redd.it/de5uek3xyam91.png,15,,2022-09-07 02:33:00
254,puberty is a beach volleyball,187,x7ar3z,dankmemes,https://i.redd.it/dgdzidjqq8m91.jpg,6,,2022-09-06 19:02:26
255,Just a little too old,242,x78kr3,dankmemes,https://i.redd.it/dgs3z8pp88m91.jpg,8,,2022-09-06 17:21:47
256,Hu (yes I also posted on specialsnowflake),1,x8b4y5,dankmemes,https://i.redd.it/e8ixrw472hm91.jpg,8,,2022-09-07 23:00:57
257,These things happen,95,x7f3hv,dankmemes,https://i.redd.it/tzcrpkz8n9m91.jpg,1,,2022-09-06 22:04:53
258,Which one will I need?! Dammit!,41,x7m9ao,dankmemes,https://i.redd.it/vpuzhdni2bm91.gif,2,,2022-09-07 02:52:30
259,cosplay,0,x8ad0m,dankmemes,https://i.redd.it/osjomnynwgm91.jpg,1,,2022-09-07 22:29:57
260,Shits about to go down..,56,x7imrb,dankmemes,https://i.redd.it/4oqrdpaocam91.gif,6,,2022-09-07 00:27:14
261,hot showers are almost impossible to get out of in winter,175,x79n6z,dankmemes,https://i.redd.it/a5i91sqoh8m91.png,6,,2022-09-06 18:12:47
262,bottom text,72,x7h0v3,dankmemes,https://i.redd.it/fjhq9smy0am91.jpg,2,,2022-09-06 23:21:33
263,Oh no,34,x7nqo4,dankmemes,https://i.redd.it/tqfu1orgdbm91.jpg,3,,2022-09-07 03:53:23
264,never had it,5,x7z25w,dankmemes,https://i.redd.it/37rlkx7t6em91.jpg,9,,2022-09-07 13:21:33
265,True,826,x7043w,dankmemes,https://i.redd.it/iw2tqs5pt5m91.gif,12,,2022-09-06 09:13:43
266,mÃ∂oÃ∂dÃ∂eÃ∂rÃ∂nÃ∂ pÃ∂rÃ∂oÃ∂bÃ∂lÃ∂eÃ∂mÃ∂sÃ∂ boomer memes require mÃ∂oÃ∂dÃ∂eÃ∂rÃ∂nÃ∂ sÃ∂oÃ∂lÃ∂uÃ∂tÃ∂iÃ∂oÃ∂nÃ∂sÃ∂ boomer templates,17,x7qymi,dankmemes,https://i.imgur.com/BA7dU3Y.jpg,1,,2022-09-07 06:16:29
267,it's so unsettling.,52,x7is5o,dankmemes,https://i.redd.it/b8200ddodam91.jpg,4,,2022-09-07 00:32:48
268,It will happen I promise,25,x7oml5,dankmemes,https://i.redd.it/8jn6oai6kbm91.png,1,,2022-09-07 04:31:44
269,Trees aren‚Äôt real,175,x78scc,dankmemes,https://i.redd.it/ztanl9ola8m91.jpg,2,,2022-09-06 17:32:03
270,The Australians will get it,8,x7wlu2,dankmemes,https://i.redd.it/kwthh4hfgdm91.jpg,6,,2022-09-07 10:53:34
271,Bottom text,57383,x6hyvg,dankmemes,https://i.redd.it/hr7umo74z1m91.jpg,646,,2022-09-05 20:16:56
272,free slaves,153,x79is6,dankmemes,https://i.redd.it/132x0rrug8m91.jpg,5,,2022-09-06 18:07:03
273,Apes together strong,51,x7hxbu,dankmemes,https://i.redd.it/q0pteqch7am91.jpg,26,,2022-09-06 23:58:04
274,Wouldn't it be crazy if nobody gave this meme that mentions awards any awards,74,x7elq0,dankmemes,https://i.redd.it/r25tc3xbj9m91.jpg,2,,2022-09-06 21:44:39
275,Our loicense to survive on a full time job has been revoked,21,x7oigh,dankmemes,https://i.redd.it/cilf81qhjbm91.jpg,1,,2022-09-07 04:27:10
276,Yes indeed,12,x7srzl,dankmemes,https://i.redd.it/b2urjqh0icm91.jpg,3,,2022-09-07 07:40:53
277,THA YE S,141,x79m3k,dankmemes,https://i.redd.it/6grmb76dh8m91.gif,0,,2022-09-06 18:11:20
278,It‚Äôs a scam,17,x7qol0,dankmemes,https://i.redd.it/ktucjk5o0cm91.jpg,8,,2022-09-07 06:03:27
279,"honestly the best thing 2020's so far (Fraser that is, not Smith)",46,x7iqmz,dankmemes,https://i.redd.it/cuwjw2hxubm91.jpg,5,,2022-09-07 00:31:16
280,I'm not sus,140,x79fn1,dankmemes,https://i.redd.it/2004p0t4g8m91.jpg,12,,2022-09-06 18:03:02
281,sodiumbromineoxygen,12,x7sb7t,dankmemes,https://i.redd.it/qmjm8hpzdcm91.png,3,,2022-09-07 07:19:17
282,Amateur detectives,28,x7mb7w,dankmemes,https://i.redd.it/5m1wcr9z2bm91.jpg,0,,2022-09-07 02:54:40
283,Should my pee be green?,27,x7m3vd,dankmemes,https://i.redd.it/7z8dvllj1bm91.jpg,8,,2022-09-07 02:46:34
284,Moe saystheNword,13,x7r9r6,dankmemes,https://i.imgur.com/DZH1sl2.png,4,,2022-09-07 06:30:58
285,What do you do ?,404,x72xxx,dankmemes,https://i.redd.it/lwo6hwizk6m91.jpg,31,,2022-09-06 11:46:49
286,"Always check your downloads, I just dodged a bullet",5,x7xa0j,dankmemes,https://i.redd.it/rr7hutkdndm91.jpg,5,,2022-09-07 11:32:32
287,Maybe I was wrong about you... you're not greedy... YOU'RE BATSH*T INSANE!,239,x75jri,dankmemes,https://i.redd.it/djn7n4rtd7m91.jpg,2,,2022-09-06 14:28:19
288,wild ride,2094,x6rms7,dankmemes,https://i.redd.it/es93jbx1x3m91.gif,35,,2022-09-06 02:48:58
289,why reddit algorithm?,38,x7iit0,dankmemes,https://i.redd.it/8kpzllqvbam91.png,0,,2022-09-07 00:22:50
290,insert title here,12,x7rrpk,dankmemes,https://i.redd.it/qcln2h3f9cm91.jpg,1,,2022-09-07 06:53:46
291,No food for you,19,x7o6te,dankmemes,https://i.redd.it/fbl5b7nsgbm91.gif,0,,2022-09-07 04:12:42
292,You can drink it for survival too,95,x7asvb,dankmemes,https://i.redd.it/5fiuz7g5r8m91.jpg,1,,2022-09-06 19:04:46
293,I have little hands,23,x7ln5r,dankmemes,https://i.redd.it/lm5zd96byam91.jpg,3,,2022-09-07 02:28:27
294,I get increased fine motor skills for a while,21,x7mpgz,dankmemes,https://i.imgflip.com/6sgq9x.jpg,1,,2022-09-07 03:10:49
295,weather screen go zoom,42,x7hpvw,dankmemes,https://i.redd.it/02p6f0ox5am91.jpg,1,,2022-09-06 23:49:25
296,"Unrelated, but it's my birthday",18,x7npgy,dankmemes,https://i.redd.it/vexir0u7dbm91.jpg,7,,2022-09-07 03:52:00
297,Feet already going numb,124,x78mti,dankmemes,https://i.imgur.com/CjIHBKL.jpg,2,,2022-09-06 17:24:49
298,adios,63,x7dxrf,dankmemes,https://i.redd.it/vezz244ue9m91.gif,0,,2022-09-06 21:17:42
299,And they're still complaining.,23,x7l64b,dankmemes,https://i.imgur.com/PURbi7M.jpg,2,,2022-09-07 02:08:50
300,"What can I say, I‚Äôm lonely",25,x7l46g,dankmemes,https://i.redd.it/l1clsureuam91.jpg,3,,2022-09-07 02:06:35
301,It hurts,40,x7hte9,dankmemes,https://i.redd.it/yl1bjr4n6am91.jpg,6,,2022-09-06 23:53:24
302,Should we put this in the salad?!,161,x76por,dankmemes,https://i.redd.it/09ekgxqcq7m91.jpg,5,,2022-09-06 15:38:30
303,At least they have free healthcare,39,x7glr3,dankmemes,https://i.redd.it/sxsjl93yx9m91.jpg,1,,2022-09-06 23:04:43
304,It won't stop coming out...,392,x71sg3,dankmemes,https://i.redd.it/zr9t8i9896m91.gif,3,,2022-09-06 10:40:45
305,„Ö§„Ö§„Ö§„Ö§„Ö§,32300,x6eq29,dankmemes,https://i.redd.it/a9shlafq71m91.gif,166,,2022-09-05 17:44:08
306,Revo will bring prosperity to the chinese working class,4,x7vo36,dankmemes,https://i.redd.it/9xjkvxo47dm91.png,1,,2022-09-07 10:02:35
307,Benefits of being the chosen one,43,x7g1l9,dankmemes,https://i.redd.it/2ngadf4gbbm91.jpg,2,,2022-09-06 22:42:06
308,idk what to put here lol,7,x7t92t,dankmemes,https://i.redd.it/j1wvn8sylcm91.png,6,,2022-09-07 08:03:04
309,Really good advice I got a bunch of Candy doing that.,22,x7knn8,dankmemes,https://i.redd.it/ye3m7875ram91.png,1,,2022-09-07 01:48:18
310,"Usually Friday the 13th, Halloween or Nightmare on Elm St...",34,x7ggdi,dankmemes,https://i.redd.it/pob0n1fvw9m91.gif,1,,2022-09-06 22:58:42
311,Normally not my kind of entertainment but there is just something about watching these guys palpable stress rise as they realize just how screwed they are.,2,x7xvqo,dankmemes,https://i.redd.it/xv5mn1yttdm91.jpg,3,,2022-09-07 12:08:43
312,Its only natural,19,x7livn,dankmemes,https://i.redd.it/dqw8b3gyecm91.jpg,0,,2022-09-07 02:23:32
313,me when I amputate andrew tate,1,x83yyk,dankmemes,https://i.redd.it/2q7b7vh4lfm91.png,1,,2022-09-07 18:04:20
314,I hate these boomers,48,x7doli,dankmemes,https://i.redd.it/uaqc3zlxc9m91.gif,4,,2022-09-06 21:07:12
315,firearms be bad.,0,x8c9cz,dankmemes,https://i.redd.it/6j743mjqrim91.jpg,10,,2022-09-07 23:45:51
316,"So... you came back for more, yes?",32,x7ggow,dankmemes,https://i.redd.it/2lhki4kow9m91.png,2,,2022-09-06 22:59:03
317,Math^math,25,x7iri4,dankmemes,https://i.redd.it/6e8r8t5kdam91.jpg,9,,2022-09-07 00:32:11
318,"C'mon move, I know you're alive, stick",24,x7i4ba,dankmemes,https://i.redd.it/b6ccpc0gqbm91.jpg,0,,2022-09-07 00:06:08
319,I made this in my photo app,9,x7qsma,dankmemes,https://i.redd.it/n2qqqeml1cm91.jpg,1,,2022-09-07 06:08:40
320,come at me bitch,10097,x6g3jw,dankmemes,https://i.redd.it/m6t9sisqj1m91.gif,90,,2022-09-05 18:51:54
321,Hulk smash!,4,x7tudn,dankmemes,https://i.redd.it/cn29f6j0rcm91.gif,8,,2022-09-07 08:31:19
322,There is always a bigger fish,86,x788fp,dankmemes,https://i.redd.it/u0ij8vhd58m91.gif,6,,2022-09-06 17:04:14
323,Has anyone actually ever used Discover?,11,x7oqdx,dankmemes,https://i.redd.it/eoovaf7l2dm91.jpg,4,,2022-09-07 04:36:06
324,"""I just stabbed myself üòä""",244,x72bqx,dankmemes,https://i.redd.it/wb48dfnle6m91.jpg,6,,2022-09-06 11:10:52
325,Thank you good sirs,13,x7mmci,dankmemes,https://i.redd.it/d019nogu4bm91.jpg,3,,2022-09-07 03:07:12
326,is she the one ??,4470,x6ii0e,dankmemes,https://i.redd.it/o5qk1u1732m91.gif,88,,2022-09-05 20:39:51
327,But what about my bread?,26,x7gho3,dankmemes,https://i.redd.it/tl0gw7d2x9m91.gif,2,,2022-09-06 23:00:10
328,pretty colour,21,x7ie8k,dankmemes,https://i.redd.it/3q6qiuhiaam91.jpg,6,,2022-09-07 00:17:35
329,Harambe did nothing wrong!,21,x7irb4,dankmemes,https://i.redd.it/67rrim7gdam91.gif,3,,2022-09-07 00:31:58
330,"I don't want karma, I just want to be happy again",64,x79is9,dankmemes,https://i.redd.it/evfcydplg8m91.jpg,3,,2022-09-06 18:07:03
331,"This ends, right here",15,x7m1sb,dankmemes,https://i.redd.it/5ui9ca541bm91.jpg,4,,2022-09-07 02:44:12
332,imma keep it real with chu chief... i've longing for a girl to call me a good joe for quite a while now...,16,x7kver,dankmemes,https://i.redd.it/4rbd5pmisam91.gif,5,,2022-09-07 01:56:40
333,"they both weigh in, too",110,x76dbm,dankmemes,https://i.imgur.com/fNeGtkv.jpg,4,,2022-09-06 15:18:11
334,checkmate,53,x7alcs,dankmemes,https://i.redd.it/78miuohfp8m91.gif,2,,2022-09-06 18:55:20
335,Scary,17,x7l9jp,dankmemes,https://i.redd.it/rtb4ae51dcm91.jpg,0,,2022-09-07 02:12:44
336,"""Smash that like button, subscribe and make sure to ding that bell icon. Support me on patreon, use the code ""brokeyoutuber"" to get 3 months of premium Raid Shadow Legends.""",12,x7mvwp,dankmemes,https://i.redd.it/vjr74cxoocm91.jpg,2,,2022-09-07 03:18:09
337,The free encyclopedia,5954,x6g8kj,dankmemes,https://i.redd.it/kjxl1ye4l1m91.png,120,,2022-09-05 18:58:43
338,Don't do it!,4,x7tfu7,dankmemes,https://i.redd.it/c4di7b0jncm91.jpg,13,,2022-09-07 08:11:58
339,Just follow these five easy steps...#1...,602,x6uo3x,dankmemes,https://i.redd.it/kmauzn2pj4m91.jpg,22,,2022-09-06 04:57:22
340,Guess which one I‚Äôm doing,82,x76q3w,dankmemes,https://i.redd.it/1tp2wp9hq7m91.jpg,4,,2022-09-06 15:39:13
341,Another banger by kurzgesagt,29,x7e430,dankmemes,https://i.redd.it/uw79jo42g9m91.png,2,,2022-09-06 21:24:50
342,[insert clever title],11,x7mxsz,dankmemes,https://i.redd.it/cv55cwdk7bm91.jpg,10,,2022-09-07 03:20:19
343,And where can I get it,51,x7923a,dankmemes,https://i.redd.it/ukbkuftxc8m91.jpg,10,,2022-09-06 17:45:06
344,U gay?,1079,x6p86c,dankmemes,https://i.redd.it/uja2bgplf3m91.jpg,10,,2022-09-06 01:11:08
345,If only they knew where it was going,25660,x6bgpc,dankmemes,https://i.redd.it/p4qgqu4e90m91.gif,124,,2022-09-05 14:31:07
346,so annoying,233,x705tn,dankmemes,https://i.redd.it/wwnvwtg4u5m91.jpg,6,,2022-09-06 09:16:06
347,now who are the real losers?,10286,x6d534,dankmemes,https://i.redd.it/thdz6gu8s0m91.jpg,41,,2022-09-05 16:16:39
348,Crispy Meme #776,180,x71wnw,dankmemes,https://i.redd.it/ygwkhv6ca6m91.jpg,0,,2022-09-06 10:46:58
349,Bing chi- NO!!,11,x7klu9,dankmemes,https://i.redd.it/1r61ub0zpam91.jpg,0,,2022-09-07 01:46:15
350,climichael changeson,9,x7n1t5,dankmemes,https://i.redd.it/1k3kaf468bm91.jpg,0,,2022-09-07 03:24:59
351,Neither can I man,315,x6xw4p,dankmemes,https://i.redd.it/e4tymr4qa5m91.jpg,1,,2022-09-06 07:27:21
352,Go get em Jake üò§üí™,19,x7gn2p,dankmemes,https://i.redd.it/r2iar7arfbm91.jpg,1,,2022-09-06 23:06:14
353,in december,1633,x6l7ai,dankmemes,https://i.redd.it/x84qjcwkm2m91.jpg,7,,2022-09-05 22:28:29
354,I like ‚Äòem thick,55,x77r0w,dankmemes,https://i.redd.it/t6bo85tw08m91.jpg,2,,2022-09-06 16:37:43
355,"After all input, there is output",9,x7kllq,dankmemes,https://i.redd.it/rjgsz2hqqam91.gif,0,,2022-09-07 01:46:01
356,Its already slow as it is,18,x7ftku,dankmemes,https://i.redd.it/ruwfqtd8s9m91.gif,0,,2022-09-06 22:33:32
357,the moon is a theif,321,x6wz5b,dankmemes,https://i.redd.it/z7hrt8a035m91.png,4,,2022-09-06 06:44:24
358,Every fucking time,53,x77ftk,dankmemes,https://i.redd.it/8b9a76yff9m91.png,8,,2022-09-06 16:21:00
359,"What rhymes with ""China""?",10,x7jonk,dankmemes,https://i.redd.it/x0ftb372kam91.gif,3,,2022-09-07 01:09:16
360,Is the floor clean or is the soap dirty,8,x7ki2e,dankmemes,https://i.redd.it/rgznhwk1qam91.jpg,2,,2022-09-07 01:42:07
361,"Too late now, always too late",549,x6s2m0,dankmemes,https://i.redd.it/pzexvvj304m91.png,11,,2022-09-06 03:06:50
362,Attorney at law,28,x7assb,dankmemes,https://i.redd.it/nqxw2tc4r8m91.jpg,1,,2022-09-06 19:04:39
363,eye shot myself,6144,x6coyi,dankmemes,https://i.redd.it/l9tazsh8n0m91.jpg,23,,2022-09-05 15:48:37
364,She-hulk? More like she thiccc,5,x7o6tt,dankmemes,https://i.redd.it/7cz9kbhfycm91.png,1,,2022-09-07 04:12:43
365,Riddikulus,111,x731ku,dankmemes,https://i.redd.it/xfe79ze3m6m91.jpg,0,,2022-09-06 11:52:51
366,its honestly better than a diploma,2439,x6g9qc,dankmemes,https://i.redd.it/e03joyefl1m91.jpg,149,,2022-09-05 19:00:13
367,remember to y>4 for the top one,4,x7pq26,dankmemes,https://i.redd.it/l02b7mqfadm91.jpg,1,,2022-09-07 05:20:01
368,That clutch is clutch,4,x7ujnl,dankmemes,https://i.redd.it/rmtqw5r5xcm91.jpg,5,,2022-09-07 09:05:34
369,"Sorry Americans, you'll get your turn in 3 months from now.",66,x74v1p,dankmemes,https://i.redd.it/0292bk5in8m91.jpg,18,,2022-09-06 13:44:24
370,making transformers is until i have splatoon 3 (day 6),18,x7dy9p,dankmemes,https://i.redd.it/j2bxgwthwam91.jpg,0,,2022-09-06 21:18:18
371,That shit is gonna leave some people hanging,12,x7hdkx,dankmemes,https://i.redd.it/egzfqsuwkbm91.jpg,7,,2022-09-06 23:35:14
372,Don‚Äôt throw stones in a glass house,8,x7kyao,dankmemes,https://i.redd.it/l0q8ky58tam91.gif,1,,2022-09-07 01:59:57
373,It was a Monday..,10,x7ilza,dankmemes,https://i.redd.it/x54rx5dicam91.gif,2,,2022-09-07 00:26:19
374,it was God's plan to give you cancer little Tommy,8362,x6bnll,dankmemes,https://i.redd.it/63jfljmkb0m91.jpg,406,,2022-09-05 14:43:11
375,"Hurts, doesn‚Äôt it?",52,x765bm,dankmemes,https://i.redd.it/57dz4r2bk7m91.jpg,4,,2022-09-06 15:04:38
376,No More Mr Hoover,54,x75paq,dankmemes,https://i.redd.it/0thino6ff7m91.jpg,0,,2022-09-06 14:37:15
377,The greatest mystery in the entire history of the universe,652,x6ookq,dankmemes,https://i.redd.it/pdboh6vmb3m91.jpg,53,,2022-09-06 00:49:45
378,I give myself a 3/10. But worth a chuckle,6,x7lb1u,dankmemes,https://i.redd.it/l43qyqtrvam91.jpg,1,,2022-09-07 02:14:26
379,Just right,152,x6zsyc,dankmemes,https://i.redd.it/lq6hh7d0r5m91.jpg,11,,2022-09-06 08:58:37
380,Ima marry Dory if no one likes me,16,x7es9q,dankmemes,https://i.redd.it/k9a0j8uok9m91.png,0,,2022-09-06 21:51:55
381,Sticky iPad kids.,178,x6xtf4,dankmemes,https://i.redd.it/g73fisv3a5m91.jpg,2,,2022-09-06 07:23:53
382,SEADNEASS,11,x7hs31,dankmemes,https://i.redd.it/23ru9zdd6am91.jpg,2,,2022-09-06 23:51:53
383,Bastards come out of nowhere!,16,x7cdyx,dankmemes,https://i.redd.it/oyszficf39m91.gif,0,,2022-09-06 20:13:34
384,We're next.,844,x6ktqi,dankmemes,https://i.redd.it/8pi0hizuj2m91.png,10,,2022-09-05 22:13:14
385,Right on time,1932,x6ew2j,dankmemes,https://i.redd.it/i9ec9s3891m91.gif,16,,2022-09-05 17:52:27
386,Why does he look Kawaii,12,x7d5l4,dankmemes,https://i.redd.it/1g48ljfy89m91.png,2,,2022-09-06 20:45:33
387,Extended family be like,30,x77x82,dankmemes,https://i.redd.it/qhl15qck28m91.gif,1,,2022-09-06 16:47:17
388,Another one bites the dust,105,x6zxlo,dankmemes,https://i.redd.it/ilhhnhhn97m91.jpg,3,,2022-09-06 09:04:53
389,Big brothers & sisters,19148,x676kt,dankmemes,https://i.redd.it/98djrq2czyl91.gif,43,,2022-09-05 10:14:23
390,But it will become a loved classic in 10 years,25,x786pa,dankmemes,https://i.redd.it/wg3tesqn48m91.jpg,0,,2022-09-06 17:01:41
391,what happened to him,13,x7cjxl,dankmemes,https://i.redd.it/qhmfqjao49m91.png,0,,2022-09-06 20:20:43
392,Astronauts can probably hear the editing software from space,13,x7c8i2,dankmemes,https://i.redd.it/hmj9nih829m91.jpg,1,,2022-09-06 20:06:54
393,Have you ever shoplifted and what was it?,889,x6j6fq,dankmemes,https://i.redd.it/99wzk6yz72m91.jpg,43,,2022-09-05 21:08:13
394,Trying to remember which Jonas Brother he was again,4,x7i17j,dankmemes,https://i.imgur.com/mbpkSYp.jpg,0,,2022-09-07 00:02:30
395,foodüå≠üåÆüçïüçùüçîüç©,5,x7l5ss,dankmemes,https://i.redd.it/74kdvhj8ccm91.png,0,,2022-09-07 02:08:27
396,how dare you not sell your house and car to donate to Ukraine üò°üò°üò° people are DYING üò°,0,x85mpm,dankmemes,https://i.imgur.com/iQBT62F.gif,9,,2022-09-07 19:19:19
397,To the science,65,x723tm,dankmemes,https://i.redd.it/2s57tomcc6m91.jpg,1,,2022-09-06 10:58:15
398,tomorrow is Wednesday my dudes (:,10,x7ef0u,dankmemes,https://i.redd.it/3otqxmp1i9m91.png,1,,2022-09-06 21:37:01
399,The True Heartstopper,10,x7edh7,dankmemes,https://i.redd.it/ag8pvetizam91.jpg,0,,2022-09-06 21:35:15
400,Every single time.,8,x7ea4f,dankmemes,https://i.redd.it/bvpfu6wtyam91.gif,1,,2022-09-06 21:31:29
401,Tiktok Titkok,19,x791vt,dankmemes,https://i.redd.it/3peag6hvc8m91.jpg,2,,2022-09-06 17:44:50
402,"Aye, this is the title",65,x71sv3,dankmemes,https://i.redd.it/1b2ozolt86m91.jpg,16,,2022-09-06 10:41:21
403,They are delicious...,429,x6o3nf,dankmemes,https://i.redd.it/aie0gqtm73m91.jpg,9,,2022-09-06 00:26:27
404,At ease soldier,15,x7a3qn,dankmemes,https://i.redd.it/ah0yv1rkl8m91.jpg,0,,2022-09-06 18:33:32
405,talking about stupid shit,2294,x6cjen,dankmemes,https://i.redd.it/y2zwkzchl0m91.jpg,8,,2022-09-05 15:38:44
406,"""Hi there, neighbor""",12,x7bmpo,dankmemes,https://i.redd.it/qp0i4px5fam91.png,1,,2022-09-06 19:41:33
407,Doing Gods work,6,x7ifiu,dankmemes,https://i.redd.it/4n5x3406bam91.png,2,,2022-09-07 00:19:07
408,Everything OK?,278,x6r7t4,dankmemes,https://i.redd.it/wadxu680u3m91.jpg,2,,2022-09-06 02:31:52
409,RRR makes you feel like a testosterone chugging man,90,x6zsdo,dankmemes,https://i.redd.it/z61u12id87m91.gif,10,,2022-09-06 08:57:46
410,Do it!,0,x8bebe,dankmemes,https://i.redd.it/f3ri9oz04hm91.jpg,7,,2022-09-07 23:11:13
411,Hades,4,x7hzrg,dankmemes,https://i.redd.it/3zo47wcx7am91.jpg,1,,2022-09-07 00:00:49
412,stop complaining (I didn't shoot a mechanic),16,x7b19a,dankmemes,https://i.redd.it/zcn1wvr1t8m91.jpg,0,,2022-09-06 19:15:25
413,amongus,93,x6yiwa,dankmemes,https://i.redd.it/24gdu0ryf5m91.jpg,3,,2022-09-06 07:56:43
414,I ain't missing twice,54,x727kb,dankmemes,https://i.redd.it/hvsb1qsed6m91.gif,0,,2022-09-06 11:04:14
415,I can't watch it,414,x6mlha,dankmemes,https://i.redd.it/twmwdym4e4m91.gif,8,,2022-09-05 23:24:43
416,sUssY bAka,64,x714md,dankmemes,https://i.redd.it/9meu8dfu26m91.jpg,1,,2022-09-06 10:05:00
417,just a little painful,72,x6zums,dankmemes,https://i.redd.it/2is0zbk8r5m91.jpg,3,,2022-09-06 09:00:52
418,But probably again‚Ä¶,4,x7l3gy,dankmemes,https://i.redd.it/ou7pu789uam91.jpg,4,,2022-09-07 02:05:43
419,Random word of the day: keep,39,x73b83,dankmemes,https://i.redd.it/rxbao820p6m91.gif,4,,2022-09-06 12:09:09
420,Why did you give birth to me mom?,579,x6js7t,dankmemes,https://i.redd.it/dmlbdlbob2m91.gif,14,,2022-09-05 21:32:39
421,Who that it was a good idea?,13,x78p7o,dankmemes,https://i.redd.it/fog6b7hx98m91.jpg,0,,2022-09-06 17:28:17
422,"look at me, Hector.",12,x79no6,dankmemes,https://i.redd.it/hglhcojiz9m91.jpg,4,,2022-09-06 18:13:25
423,The Many Names For One Color,265,x6p1ty,dankmemes,https://i.redd.it/fn6wlgtae3m91.jpg,14,,2022-09-06 01:04:12
424,Depression time,53,x70eah,dankmemes,https://i.redd.it/txoma8n8w5m91.jpg,4,,2022-09-06 09:27:59
425,Or maybe the sun is just in their eyes,54,x70qq9,dankmemes,https://i.redd.it/cpeexenrg7m91.gif,1,,2022-09-06 09:44:48
426,It is true,11,x79jw3,dankmemes,https://i.redd.it/96bo6964h8m91.jpg,0,,2022-09-06 18:08:31
427,her slingkini stuff is good too,1,x7rwau,dankmemes,https://i.redd.it/zeeteab9sdm91.jpg,7,,2022-09-07 06:59:54
428,there can only be one,12,x79p9a,dankmemes,https://i.redd.it/s9cgl4fci8m91.png,7,,2022-09-06 18:15:33
429,British vs American mottos,21,x75b0n,dankmemes,https://i.redd.it/4lplpn2197m91.png,0,,2022-09-06 14:12:51
430,I actually got pretty high marks,38,x72m9a,dankmemes,https://i.redd.it/7ztj6bzih6m91.gif,0,,2022-09-06 11:27:52
431,Can I please go home,4810,x66lsa,dankmemes,https://i.redd.it/w668u152uyl91.gif,22,,2022-09-05 09:43:34
432,Snow Leopard Grindset,54,x6z1n9,dankmemes,https://i.redd.it/rozyqfn7k5m91.png,2,,2022-09-06 08:21:24
433,haha,178,x6qgkl,dankmemes,https://i.redd.it/fn3z0w5ho3m91.jpg,1,,2022-09-06 02:00:53
434,It absolutely cannot be that easy.,4,x7q8jg,dankmemes,https://i.redd.it/m9y29dziedm91.png,4,,2022-09-07 05:43:00
435,It‚Äôs understandable,8605,x63yx0,dankmemes,https://i.redd.it/3jkcqo5s5yl91.jpg,61,,2022-09-05 07:28:07
436,diarrhea-yadi yadi yadi,185,x6piht,dankmemes,https://i.redd.it/rualf4l6z4m91.gif,5,,2022-09-06 01:22:45
437,america helf cer bad,18,x75jwt,dankmemes,https://i.redd.it/tx3ipihnd7m91.png,1,,2022-09-06 14:28:35
438,It really gets you at the worst times,153,x6qjrn,dankmemes,https://i.redd.it/3eyvinw4p3m91.jpg,2,,2022-09-06 02:04:36
439,dies immediately.,132,x6rnq1,dankmemes,https://i.redd.it/zpruuw09x3m91.jpg,4,,2022-09-06 02:50:02
440,Posting memes until I get my master's degree day 650 meme 939,104,x6t48v,dankmemes,https://i.redd.it/pfptfca084m91.jpg,2,,2022-09-06 03:50:20
441,steve is a hungi boi,57,x6x1tj,dankmemes,https://i.redd.it/hule8ptn35m91.png,6,,2022-09-06 06:47:54
442,I guess I‚Äôll die.,148,x6prz7,dankmemes,https://i.redd.it/6box6slkj3m91.jpg,0,,2022-09-06 01:33:26
443,Tiktok TTSü§Æ,53,x6xmd1,dankmemes,https://i.redd.it/7x31v4he85m91.gif,0,,2022-09-06 07:14:21
444,Something greater calls him.,143,x6prdy,dankmemes,https://i.redd.it/3r3cbvyfj3m91.png,3,,2022-09-06 01:32:42
445,Perspective,358,x6hyzi,dankmemes,https://i.redd.it/no3w2hw4z1m91.jpg,4,,2022-09-05 20:17:03
446,Can‚Äôt get the image out my head 00:,123,x6qkqr,dankmemes,https://i.redd.it/mij9n7wbp3m91.jpg,14,,2022-09-06 02:05:38
447,good but weird,2395,x674r5,dankmemes,https://i.redd.it/8ledljs3zyl91.gif,15,,2022-09-05 10:11:51
448,The realization hits you like a truck,142,x6pb0i,dankmemes,https://i.redd.it/q97vowg1g3m91.png,7,,2022-09-06 01:14:23
449,"Thanks, but no thanks",116,x6qe4r,dankmemes,https://i.redd.it/paxqki5zn3m91.gif,4,,2022-09-06 01:58:08
450,This could be the one,31,x70bif,dankmemes,https://i.redd.it/imey9e9av5m91.jpg,1,,2022-09-06 09:24:05
451,What did you just say to me?,23,x71rtb,dankmemes,https://i.redd.it/4xtyp4f296m91.gif,0,,2022-09-06 10:39:50
452,You gotta pick one,35,x6xzzb,dankmemes,https://i.redd.it/cvbsmnmkb5m91.jpg,20,,2022-09-06 07:32:06
453,So touching ..,19,x72rvw,dankmemes,https://i.redd.it/i5wytcv3j6m91.png,8,,2022-09-06 11:36:48
454,Korea be like,172,x6mh6b,dankmemes,https://i.redd.it/gc4a9bcpv2m91.jpg,4,,2022-09-05 23:19:49
455,Into the basement I go,104,x6qjq9,dankmemes,https://i.imgur.com/PxUXEqN.jpg,1,,2022-09-06 02:04:33
456,Damn right.,349,x6gfqp,dankmemes,https://i.redd.it/nfl1mgjqm1m91.jpg,25,,2022-09-05 19:07:58
457,It's so hard to choose,88,x6rep0,dankmemes,https://i.redd.it/8f349agev3m91.jpg,6,,2022-09-06 02:39:40
458,I made this during an online meeting,434,x6etj5,dankmemes,https://i.redd.it/qry1dvck81m91.gif,2,,2022-09-05 17:49:05
459,Wide thumbnail very funny,3,x7g96v,dankmemes,https://i.redd.it/87i2pvhev9m91.jpg,0,,2022-09-06 22:50:32
460,Oh yeah I love chaos,31,x6xtw0,dankmemes,https://i.redd.it/cew7l8w7a5m91.jpg,0,,2022-09-06 07:24:30
461,after pooping *,1,x7lhe9,dankmemes,https://i.redd.it/0c6rvuc4xam91.jpg,0,,2022-09-07 02:21:47
462,it's that time again,584,x6clcb,dankmemes,https://i.redd.it/bpnt0zf2m0m91.jpg,4,,2022-09-05 15:42:04
463,Classy.,1,x7ccnu,dankmemes,https://i.redd.it/gv8e2dvnkam91.gif,1,,2022-09-06 20:11:57
464,How to refer to it,113,x6ntl3,dankmemes,https://i.redd.it/mgwdiuri53m91.jpg,9,,2022-09-06 00:14:37
465,he'll have the last laugh,1674,x66nm2,dankmemes,https://i.redd.it/w5rqiub3c0m91.gif,17,,2022-09-05 09:46:15
466,Is funny because is true,164,x6kw21,dankmemes,https://i.redd.it/1uun1at8k2m91.png,10,,2022-09-05 22:15:50
467,What a drag.,87,x6pwgw,dankmemes,https://i.redd.it/lsl2ej7ik3m91.jpg,2,,2022-09-06 01:38:36
468,stupid grandpa,192,x6jcsy,dankmemes,https://i.redd.it/fzh4zxfj92m91.jpg,8,,2022-09-05 21:15:23
469,Now let's all agree never to be creative again.,20,x70avo,dankmemes,https://i.redd.it/0hw9jihxc7m91.jpg,1,,2022-09-06 09:23:16
470,Oh how I‚Äôve waited for this,44,x6u79s,dankmemes,https://i.redd.it/m24hueebg4m91.jpg,0,,2022-09-06 04:36:57
471,Random word of the day: surf,96,x6nxon,dankmemes,https://i.redd.it/ugz0wnvc63m91.gif,6,,2022-09-06 00:19:19
472,An interesting tit,80,x6pfuw,dankmemes,https://i.redd.it/dfbij012h3m91.gif,3,,2022-09-06 01:19:53
473,Tiktok TTS ü§¢,29,x6xnfe,dankmemes,https://i.redd.it/c9npj19n85m91.jpg,1,,2022-09-06 07:15:45
474,What a waste,319,x6ewaj,dankmemes,https://i.redd.it/f4vhnk3e91m91.jpg,1,,2022-09-05 17:52:46
475,A surprise to be sure,47,x6tt4n,dankmemes,https://i.redd.it/1323gg18d4m91.gif,0,,2022-09-06 04:20:01
476,Looking at UK and Germany,162,x6jfrv,dankmemes,https://i.redd.it/iez1qwa5a2m91.jpg,7,,2022-09-05 21:18:51
477,Mo mo money‚Ä¶ MONAYE,2445,x637nx,dankmemes,https://i.redd.it/nk9i9760zxl91.gif,22,,2022-09-05 06:49:23
478,I prefer organized chaos,30,x6vvu6,dankmemes,https://i.redd.it/vqcctej0u4m91.jpg,1,,2022-09-06 05:53:42
479,pro tip: let her choose the movie,63915,x5ri10,dankmemes,https://i.redd.it/2yll0273fvl91.png,637,,2022-09-04 22:14:14
480,oh great heavens,17,x6z607,dankmemes,https://i.redd.it/5iw62ryel5m91.jpg,1,,2022-09-06 08:27:18
481,"Read MF, read",175,x6hvtt,dankmemes,https://i.redd.it/rq0x4drfy1m91.jpg,2,,2022-09-05 20:13:08
482,Peepeepoopoo,71,x6ow3q,dankmemes,https://i.redd.it/nvtm14n8d3m91.jpg,1,,2022-09-06 00:57:55
483,facts and logic,1560,x64vq9,dankmemes,https://i.redd.it/ofv4d469eyl91.jpg,27,,2022-09-05 08:14:40
484,Tiktok TTSü§ì,22,x6xiak,dankmemes,https://i.redd.it/qn6d83lg75m91.jpg,0,,2022-09-06 07:09:07
485,every family dinner.,42,x6u59p,dankmemes,https://i.redd.it/m3clochvf4m91.jpg,1,,2022-09-06 04:34:33
486,Just being polite,32,x6uqno,dankmemes,https://i.redd.it/6j0h57hjk4m91.gif,0,,2022-09-06 05:00:36
487,They needed a strong training to overcome that little boy,13966,x5urcb,dankmemes,https://i.redd.it/rl3fkg7b3wl91.gif,67,,2022-09-05 00:30:17
488,Police,241,x6etkb,dankmemes,https://i.redd.it/l02qggnq81m91.jpg,6,,2022-09-05 17:49:07
489,Ubisoft silencing the haters like,205,x6fau9,dankmemes,https://i.redd.it/ppofvcy2d1m91.jpg,11,,2022-09-05 18:13:51
490,Tales from Skinwalker Ranch part 79,1460,x64cyu,dankmemes,https://i.redd.it/sk3zt3fg9yl91.jpg,5,,2022-09-05 07:47:49
491,I‚Äôm sorry I couldn‚Äôt help myself,4012,x5yl6x,dankmemes,https://i.redd.it/f5frv3zevwl91.gif,83,,2022-09-05 03:11:14
492,get validated dangit,7027,x5w2wa,dankmemes,https://i.redd.it/q88pgd19dwl91.png,210,,2022-09-05 01:25:57
493,Riddle me this,268,x6dcnd,dankmemes,https://i.redd.it/jxhtecvhu0m91.jpg,25,,2022-09-05 16:29:46
494,So close yet so far,15,x701f3,dankmemes,https://i.imgur.com/Hxz6yd4.jpg,1,,2022-09-06 09:10:02
495,feminists be like:,42,x6qba9,dankmemes,https://i.redd.it/qux3f61fn3m91.jpg,1,,2022-09-06 01:54:56
496,Idk man,30,x6t61z,dankmemes,https://i.redd.it/zqaxpqjd84m91.jpg,1,,2022-09-06 03:52:24
497,Stuff happens but its Monday ):,491,x69ju2,dankmemes,https://i.redd.it/0dqtoallnzl91.png,21,,2022-09-05 12:30:04
498,matpat overthinking.,58,x6muap,dankmemes,https://i.redd.it/5kqmseuux2m91.png,10,,2022-09-05 23:34:20
499,Sorry ladies,21,x6voxp,dankmemes,https://i.imgur.com/4szrckI.jpg,3,,2022-09-06 05:44:59
500,"Mom come and get me, I‚Äôm scared",43,x6p4sg,dankmemes,https://i.redd.it/bhczkbuxe3m91.jpg,0,,2022-09-06 01:07:26
501,if I could whip out my PC collecting dust at home while at work so I can play some system shock I would.,10,x71vg5,dankmemes,https://i.redd.it/g1eqmxh0a6m91.jpg,0,,2022-09-06 10:45:08
502,"Thanks for the memories, old friend",227,x6cqgs,dankmemes,https://i.redd.it/g4vb5x4kn0m91.gif,5,,2022-09-05 15:51:17
503,imgflip.com,23316,x5punz,dankmemes,https://i.redd.it/0wqernlu2vl91.jpg,511,,2022-09-04 21:05:23
504,Here we go again,44,x6o9iw,dankmemes,https://i.redd.it/2ge656hs83m91.jpg,0,,2022-09-06 00:32:58
505,Are you this old?,24,x6s6sg,dankmemes,https://i.redd.it/vy0pe75z04m91.jpg,3,,2022-09-06 03:11:36
506,It's only been 4 minutes,100,x6hqq7,dankmemes,https://i.redd.it/6x3c5d9bx1m91.jpg,4,,2022-09-05 20:06:49
507,Oh no,53,x6ligd,dankmemes,https://i.redd.it/kpjuj2moo2m91.jpg,1,,2022-09-05 22:40:15
508,It may not be just Aldo she likes... [Kinsou no Vermeil],0,x7cq8m,dankmemes,https://i.redd.it/cmfk4xtm59m91.jpg,0,,2022-09-06 20:28:11
509,Fresh out of my mind,55,x6lpfe,dankmemes,https://i.redd.it/6kltgmp2q2m91.jpg,1,,2022-09-05 22:48:08
510,Dababy is white,1622,x607ug,dankmemes,https://i.redd.it/dk40sl859xl91.gif,28,,2022-09-05 04:24:19
511,don't make me do it lol,25,x6ry58,dankmemes,https://i.redd.it/bk5i4i4cz3m91.jpg,1,,2022-09-06 03:01:46
512,allow me to play the world's smallest violin,0,x7n5m9,dankmemes,https://i.redd.it/2se8ts079bm91.jpg,0,,2022-09-07 03:29:28
513,OH GOD!!,15,x6umio,dankmemes,https://i.redd.it/t1pwjb3lj4m91.jpg,0,,2022-09-06 04:55:26
514,with regards to my earlier correspondence,169,x6cpyu,dankmemes,https://i.redd.it/gnfokmdkn0m91.jpg,4,,2022-09-05 15:50:24
515,Oh we oh we oh,210,x6bhsn,dankmemes,https://i.redd.it/9cenpaqr90m91.jpg,9,,2022-09-05 14:33:06
516,Crispy Meme #775,373,x6886s,dankmemes,https://i.redd.it/h4k5wkzx9zl91.png,12,,2022-09-05 11:12:18
517,Scratch me there baby,1011,x61xny,dankmemes,https://i.redd.it/200fj74tnxl91.jpg,54,,2022-09-05 05:46:25
518,They're coming outta the goddamn walls!,18316,x5o4gx,dankmemes,https://i.redd.it/dq0mfyghpul91.gif,562,,2022-09-04 19:50:35
519,you crush tiny students,48,x6l725,dankmemes,https://i.redd.it/yj1t6jdjm2m91.jpg,3,,2022-09-05 22:28:12
520,james MacFarlane in the whiskey rebellion,100,x6epxv,dankmemes,https://i.redd.it/6ssssajt71m91.jpg,4,,2022-09-05 17:43:57
521,You call yourself a man?,66,x6hpd7,dankmemes,https://i.redd.it/dxtpbtzie3m91.jpg,14,,2022-09-05 20:05:06
522,"Hey look, free money",57,x6j5gr,dankmemes,https://i.redd.it/pt4yfjj082m91.gif,3,,2022-09-05 21:07:06
523,the look of sheer horror,78,x6gdrw,dankmemes,https://i.redd.it/q13k0ticm1m91.jpg,8,,2022-09-05 19:05:22
524,never call disney,41,x6lq8b,dankmemes,https://i.redd.it/wgakcx3s74m91.jpg,3,,2022-09-05 22:49:04
525,Ushers be like,8148,x5ookw,dankmemes,https://i.redd.it/4la4zeprtul91.gif,20,,2022-09-04 20:15:16
526,Stay pure bois and grrls,35,x6mmpw,dankmemes,https://i.redd.it/98ecfyluw2m91.gif,4,,2022-09-05 23:26:05
527,rational male,0,x7mboe,dankmemes,https://i.redd.it/a3och7z23bm91.jpg,0,,2022-09-07 02:55:12
528,next level gaming.,294,x68bar,dankmemes,https://i.redd.it/pv076s3vazl91.png,14,This is actually a medical simulation program that allows medical students to practice procedures and perfect their techniques.,2022-09-05 11:17:26
529,Interested,146,x6bw7h,dankmemes,https://i.redd.it/enie2djfe0m91.jpg,6,,2022-09-05 14:59:13
530,That's very satisfying,25,x6oojg,dankmemes,https://i.redd.it/g5n6s7aob3m91.gif,1,,2022-09-06 00:49:41
531,Thank you,36,x6l5g1,dankmemes,https://i.redd.it/1z9hnp3n34m91.jpg,3,,2022-09-05 22:26:22
532,tududududu,253,x68n21,dankmemes,https://i.redd.it/hs16mp17ezl91.png,7,,2022-09-05 11:36:06
533,I have too much time on my hands,17,x6qkzq,dankmemes,https://i.redd.it/pltu3vxap3m91.jpg,15,,2022-09-06 02:05:56
534,"If you know, you know.",7,x6vei7,dankmemes,https://i.redd.it/1ku60fqup4m91.jpg,7,,2022-09-06 05:31:24
535,This form of manliness cannot be tamed,26,x6n3d4,dankmemes,https://i.redd.it/wbg24r7503m91.gif,5,,2022-09-05 23:44:33
536,A better solution,65,x6g61i,dankmemes,https://i.redd.it/dhvujrphk1m91.gif,2,,2022-09-05 18:55:12
537,its so interesting,573,x637qb,dankmemes,https://i.redd.it/enwv210lgzl91.jpg,6,,2022-09-05 06:49:29
538,I don‚Äôt dare mess with this site,19,x6pttr,dankmemes,https://i.redd.it/vi9mjjtxj3m91.jpg,1,,2022-09-06 01:35:33
539,Yayüíñ,7750,x5mre7,dankmemes,https://i.redd.it/xw4htsrzdul91.gif,34,,2022-09-04 18:46:27
540,look around for the shortest line,13,x6r4lr,dankmemes,https://i.redd.it/it1d35s8t3m91.jpg,1,,2022-09-06 02:28:27
541,"Sincerely, the Spring Enjoyers",19,x6o28w,dankmemes,https://i.redd.it/ezq9yqe773m91.png,2,,2022-09-06 00:24:50
542,Bring out the guillotine boys,97,x6c8n9,dankmemes,https://i.redd.it/zo8loa8ci0m91.jpg,2,,2022-09-05 15:21:06
543,I'm on a quest,2523,x5reyc,dankmemes,https://i.redd.it/xewyvl9gevl91.gif,159,,2022-09-04 22:10:40
544,Save the Amazon,26,x6l5rj,dankmemes,https://i.redd.it/w3q000v9m2m91.gif,2,,2022-09-05 22:26:45
545,nice head shot dude,9,x6uhov,dankmemes,https://i.redd.it/iky1brbki4m91.jpg,0,,2022-09-06 04:49:39
546,Yet another reason why I‚Äôll always hate that change‚Ä¶,80,x6ddjs,dankmemes,https://i.redd.it/acsi7r6ru0m91.jpg,5,,2022-09-05 16:30:43
547,"ah yes, let me just grab it, in my other house in London",29,x6kdt6,dankmemes,https://i.redd.it/ymniioakg2m91.jpg,5,,2022-09-05 21:56:00
548,Back when grim reapers were real grim reapers.,33,x6j8ni,dankmemes,https://i.redd.it/91ipj1mp82m91.jpg,8,,2022-09-05 21:10:50
549,Relatable,0,x7of40,dankmemes,https://i.redd.it/zv0qylkribm91.jpg,2,,2022-09-07 04:23:07
550,What are some of your other favorite massive f*ck-ups from history?,83,x6cm2t,dankmemes,https://i.redd.it/33ytrg3bm0m91.jpg,4,,2022-09-05 15:43:21
551,Oh bother,39274,x5hoq6,dankmemes,https://i.redd.it/ysrxtrh2xsl91.gif,153,,2022-09-04 13:49:33
552,no need to thank me,66,x6datl,dankmemes,https://i.redd.it/1ahyuns0u0m91.gif,9,,2022-09-05 16:26:38
553,Getting Glizzie with Lizzie!,5,x6uch3,dankmemes,https://i.redd.it/rm1ybgbfh4m91.jpg,2,,2022-09-06 04:43:07
554,Me: where did I put it?,48,x6fgnw,dankmemes,https://i.redd.it/etf65jdle1m91.jpg,1,,2022-09-05 18:21:54
555,gird your loins,22,x6lk61,dankmemes,https://i.redd.it/yoc6bks0p2m91.jpg,1,,2022-09-05 22:42:08
556,How most thriller movies go..,330,x63sm6,dankmemes,https://i.redd.it/50btz6oa4yl91.gif,3,,2022-09-05 07:18:56
557,"Hey Now, You‚Äôre An All Star?",11,x6r77x,dankmemes,https://i.redd.it/a3yuoodwt3m91.jpg,3,,2022-09-06 02:31:15
558,What are you talking about?,19,x6m31w,dankmemes,https://i.redd.it/txto4wcss2m91.gif,4,,2022-09-05 23:03:14
559,We‚Äôve all been there.,17,x6n2ft,dankmemes,https://i.redd.it/4i6p6kbyz2m91.jpg,3,,2022-09-05 23:43:27
560,"Just finished The Boys season 3, its decent, ig",32,x6haik,dankmemes,https://i.redd.it/updw56tmt1m91.png,4,,2022-09-05 19:46:40
561,Everytime,295,x6464y,dankmemes,https://i.redd.it/cavhai6r7yl91.png,3,,2022-09-05 07:38:14
562,that make sense,142,x68dbn,dankmemes,https://i.redd.it/j1aq46tgbzl91.jpg,4,,2022-09-05 11:20:49
563,"Someone, Help me..",1410,x5s65g,dankmemes,https://i.redd.it/gurc4m65kvl91.gif,15,,2022-09-04 22:42:21
564,my friend send me this!,30,x6h0sj,dankmemes,https://i.redd.it/1wf9bx1mr1m91.jpg,6,,2022-09-05 19:34:55
565,bang-brosü§®ü§®,71,x6bj2h,dankmemes,https://i.redd.it/bhnn9ca5a0m91.gif,4,,2022-09-05 14:35:21
566,Get out of my swamp!,4416,x5l9gj,dankmemes,https://i.redd.it/2fqwo7pc0ul91.jpg,72,,2022-09-04 17:29:41
567,Women ‚òï,31,x6g6n3,dankmemes,https://i.redd.it/a9gxw5wnk1m91.png,6,,2022-09-05 18:55:58
568,don't care finally got snu snu,39,x6e97n,dankmemes,https://i.redd.it/0crot5pj31m91.jpg,13,,2022-09-05 17:20:01
569,i suck at making memes,365,x61hbz,dankmemes,https://i.redd.it/knlwcojxjxl91.jpg,13,,2022-09-05 05:24:42
570,That is how it looks like,12,x6nt3f,dankmemes,https://i.redd.it/i1ivgv5f53m91.jpg,10,,2022-09-06 00:14:04
571,Not my first meme,23,x6i40n,dankmemes,https://i.redd.it/5m3n0r0902m91.jpg,3,,2022-09-05 20:23:20
572,"doctor, help",142,x67f29,dankmemes,https://i.redd.it/4utoy7iy1zl91.jpg,5,,2022-09-05 10:27:31
573,I can't understand why they're mad,687,x5wgwf,dankmemes,https://i.redd.it/nqyqd2tqxxl91.jpg,12,,2022-09-05 01:42:07
574,It knows fabric best.,103,x68uk3,dankmemes,https://i.redd.it/e7bm524yezl91.gif,2,,2022-09-05 11:48:19
575,I can't believe I actually did it...,9,x6qvrm,dankmemes,https://i.redd.it/67v90kwir3m91.jpg,0,,2022-09-06 02:18:07
576,I pretty much fall into the same opinion of Russell Brand when it comes to conservative women,64,x6axqg,dankmemes,https://i.redd.it/0tq28av430m91.jpg,10,,2022-09-05 13:55:54
577,I have cat eyes and no one notices,119,x67i50,dankmemes,https://i.redd.it/oyuk2dgp2zl91.jpg,2,,2022-09-05 10:31:42
578,First Will Smith now this,155,x65pd0,dankmemes,https://i.redd.it/cl73tb1tlyl91.jpg,1,,2022-09-05 08:56:59
579,From our finest collection of fresh sht me me,34,x6e4z2,dankmemes,https://i.redd.it/lbwtqay021m91.gif,2,,2022-09-05 17:13:21
580,Bankruptcy,115,x67c83,dankmemes,https://i.redd.it/ai2u2ge31zl91.gif,2,,2022-09-05 10:23:05
581,summer camp MEME-ories,6,x6qy6x,dankmemes,https://i.redd.it/ohor85kvr3m91.jpg,1,,2022-09-06 02:20:58
582,Bad meme bad,48,x6bp2p,dankmemes,https://i.redd.it/f5iy4bwzb0m91.jpg,2,,2022-09-05 14:45:51
583,Bro have a kit kat,5552,x5ima1,dankmemes,https://i.redd.it/yf2j800o7tl91.gif,134,,2022-09-04 14:48:55
584,Level the playing field,511,x5wg22,dankmemes,https://i.redd.it/hn6lmax0gwl91.jpg,12,,2022-09-05 01:41:13
585,Sorry boss,832,x5set7,dankmemes,https://i.redd.it/ws81m6ivlvl91.jpg,10,,2022-09-04 22:52:25
586,well life in a nutshell,107,x66s1z,dankmemes,https://i.redd.it/5jfjumeqvyl91.gif,2,,2022-09-05 09:52:58
587,Making transformers memes until I get splatoon 3 (day 5),11,x6kf34,dankmemes,https://i.redd.it/l7e2s731h2m91.jpg,3,,2022-09-05 21:57:24
588,Posting memes until I get my master's degree day 649 meme 938,297,x5zo8c,dankmemes,https://i.redd.it/3zt7b8kl4xl91.jpg,5,,2022-09-05 03:58:46
589,True love,377,x5xoju,dankmemes,https://i.redd.it/qx0dpp69pwl91.jpg,3,,2022-09-05 02:32:46
590,"""You're a cashier!""",93,x66wzt,dankmemes,https://i.redd.it/0c9oyxwme0m91.png,2,,2022-09-05 10:00:23
591,It finally happened,7,x6osky,dankmemes,https://i.redd.it/7ogyy2u1u4m91.png,2,,2022-09-06 00:53:55
592,in my thin white Duke arc rn üòî,10,x6kcss,dankmemes,https://i.imgur.com/o9H1491.jpg,1,,2022-09-05 21:54:54
593,Happy Pooping!,10,x6k58l,dankmemes,https://i.redd.it/1zqqvyj3f2m91.jpg,14,,2022-09-05 21:46:52
594,Here we go,16489,x5efh8,dankmemes,https://i.redd.it/lq9f171bxrl91.gif,74,,2022-09-04 10:29:10
595,"Every time a mod is giving away flair, I‚Äôm exactly one hour late",4,x6piy9,dankmemes,https://i.redd.it/5k4b9wprh3m91.jpg,5,,2022-09-06 01:23:16
596,maybe it is possible to dip something in it,18,x6gb8o,dankmemes,https://i.redd.it/8ubgsqvml1m91.gif,2,,2022-09-05 19:02:01
597,Such is life...,18,x6fek3,dankmemes,https://i.redd.it/1veskgewd1m91.png,3,,2022-09-05 18:19:05
598,You make me wanna throw up..,76,x6778t,dankmemes,https://i.redd.it/pxaet2nszyl91.gif,3,,2022-09-05 10:15:27
599,I'mma try again..,15,x6g9wg,dankmemes,https://i.redd.it/g9q5zdtcl1m91.gif,1,,2022-09-05 19:00:24
600,Look at little human jr. Gonna cry?,2781,x5j23t,dankmemes,https://i.redd.it/4hoz7emmctl91.gif,15,,2022-09-04 15:17:04
601,Chad of Biblical proportions,9,x6kx96,dankmemes,https://i.redd.it/vampx4ekk2m91.jpg,1,,2022-09-05 22:17:11
602,Gotta follow the rules,3529,x5i2as,dankmemes,https://i.redd.it/h2l33dlb1tl91.gif,23,,2022-09-04 14:13:43
603,Midnight life choices,423,x5uzfe,dankmemes,https://i.redd.it/8mpep0my4wl91.jpg,25,,2022-09-05 00:39:13
604,We are not the same,12,x6h8hr,dankmemes,https://i.redd.it/yfwsdx2at1m91.png,1,,2022-09-05 19:44:14
605,Gonna nope right out of this one,72,x66wj5,dankmemes,https://i.redd.it/xn2fkp80xyl91.gif,6,,2022-09-05 09:59:51
606,I timed it perfectly,27,x6bsz7,dankmemes,https://i.redd.it/qdf98hybd0m91.gif,1,,2022-09-05 14:53:09
607,Requiring constant validation comes with downsides,1294,x5lglf,dankmemes,https://i.redd.it/vkgodhy62ul91.jpg,28,,2022-09-04 17:39:56
608,Those girls somehow knew where I am,244,x5xkar,dankmemes,https://i.redd.it/iegxxxfhowl91.jpg,25,,2022-09-05 02:28:26
609,Look at little girlfriend jr. Gonna cry?,210,x5ylj4,dankmemes,https://i.redd.it/qces8zy5wwl91.gif,3,,2022-09-05 03:11:39
610,"Husband problems!! I mean once we get a girlfriend and propose and achieve husband status, then it is!",1,x6ytej,dankmemes,https://i.redd.it/3rln9oqdi5m91.jpg,1,,2022-09-06 08:10:17
611,Smoke and a snowstorm?,3,x6yrmh,dankmemes,https://i.redd.it/ghdnx9hyh5m91.jpg,0,,2022-09-06 08:07:53
612,2:55 pm meme,0,x79xdq,dankmemes,https://i.redd.it/eunfcry7k8m91.jpg,36,,2022-09-06 18:25:58
613,That's so unfair,3631,x5gc7q,dankmemes,https://i.redd.it/72a77ffxhsl91.jpg,40,,2022-09-04 12:24:35
614,Anyone else ever read that series before?,11,x6g9d1,dankmemes,https://i.redd.it/8dqunntbl1m91.gif,3,,2022-09-05 18:59:47
615,Rival DICKNUTS won't know what hit him,52,x66n75,dankmemes,https://i.redd.it/phqnzmy8uyl91.png,2,,2022-09-05 09:45:36
616,"oh no, please no",53,x675tg,dankmemes,https://i.redd.it/nmyzb4nezyl91.gif,3,,2022-09-05 10:13:16
617,Every anti-gay country be like :,744,x5n0ge,dankmemes,https://i.redd.it/04yk4568gul91.png,12,,2022-09-04 18:58:52
618,They beat out Metallica,61,x64tev,dankmemes,https://i.redd.it/k8qql2jndyl91.jpg,5,,2022-09-05 08:11:19
619,Taxing people the sequel!,51,x6628c,dankmemes,https://i.redd.it/sy786914pyl91.jpg,17,,2022-09-05 09:15:34
620,Get out of me nowwww!!,38,x676dp,dankmemes,https://i.redd.it/xqtvishkzyl91.gif,3,,2022-09-05 10:14:08
621,well her erocosplayers that is,0,x6vik9,dankmemes,https://i.redd.it/mnayk2tzq4m91.jpg,5,,2022-09-06 05:36:46
622,Template : u/pyvozaur,205,x5v3dw,dankmemes,https://i.redd.it/ckvl4q1s5wl91.jpg,15,,2022-09-05 00:43:35
623,Iron Man died so we could have this,74,x62n4e,dankmemes,https://i.redd.it/j5kplqg0uxl91.jpg,2,,2022-09-05 06:21:28
624,life is hard man,21,x69cei,dankmemes,https://i.redd.it/yh085bpglzl91.jpg,4,,2022-09-05 12:17:28
625,Damn Schools,18,x6ab5d,dankmemes,https://i.redd.it/fy667l40wzl91.jpg,1,,2022-09-05 13:15:59
626,A trend I noticed,39,x663in,dankmemes,https://i.redd.it/0vludki7pyl91.jpg,4,,2022-09-05 09:17:28
627,True facts.,568,x5mbxd,dankmemes,https://i.redd.it/xo2oa8jbaul91.jpg,18,,2022-09-04 18:25:30
628,I Guess they're too gay to understand,61,x62kij,dankmemes,https://i.redd.it/mdz6y6octxl91.gif,10,,2022-09-05 06:17:56
629,*Dies of cringe*,142,x5wi3b,dankmemes,https://i.redd.it/uwoh3cgagwl91.gif,1,,2022-09-05 01:43:26
630,YOO HES RIGHT THERR,184,x5uec4,dankmemes,https://i.redd.it/lvelksup0wl91.gif,2,,2022-09-05 00:15:17
631,Gonna take that call after all,144,x5w07t,dankmemes,https://i.redd.it/00txk5uocwl91.gif,9,,2022-09-05 01:22:38
632,I have no respect for these scum.,5,x6kt4t,dankmemes,https://i.redd.it/f4brianpj2m91.jpg,4,,2022-09-05 22:12:37
633,Y'all Acting Like It's Weird,123,x5wv5y,dankmemes,https://i.redd.it/kg7n5qf8jwl91.jpg,3,,2022-09-05 01:59:03
634,The hero we all need to put an end to pranks pandemic,1446,x5gmeg,dankmemes,https://i.redd.it/shrxs9xvksl91.jpg,10,,2022-09-04 12:41:19
635,analogy of the subconscious according to freudian psychoanalysis,10,x6ecn2,dankmemes,https://i.imgur.com/KWnyWoV.jpg,2,,2022-09-05 17:25:10
636,Schwing schwing,870,x5ixk4,dankmemes,https://i.redd.it/rcgeejp7btl91.jpg,12,,2022-09-04 15:08:58
637,I seriously doubt it.,47,x6381m,dankmemes,https://i.redd.it/n92euur4zxl91.jpg,17,,2022-09-05 06:49:56
638,Praying for those who are now on the toilet...,933,x5ihp5,dankmemes,https://i.redd.it/3o4s68086tl91.gif,11,,2022-09-04 14:40:45
639,is that all you got,92,x5xz0f,dankmemes,https://i.redd.it/o6nzlimw8yl91.gif,5,,2022-09-05 02:44:44
640,YOUR VISION? YOUR TELEVISION!,24,x66vxp,dankmemes,https://i.redd.it/kpr9ri5uwyl91.jpg,1,,2022-09-05 09:58:53
641,dafuq?,227,x5pn64,dankmemes,https://i.redd.it/q5zw8ji81vl91.jpg,6,,2022-09-04 20:56:27
642,when I start clowning around,35,x63bjk,dankmemes,https://i.redd.it/9fvcxh6zzxl91.png,1,,2022-09-05 06:54:44
643,Bed bath beyond,66,x5yhnb,dankmemes,https://i.redd.it/enk29gadvwl91.jpg,9,,2022-09-05 03:07:02
644,:(((,41,x62p57,dankmemes,https://i.redd.it/cepvi0sjuxl91.jpg,3,,2022-09-05 06:24:12
645,Early 1930s movie set designers,474,x5kcya,dankmemes,https://i.redd.it/jzltchazqtl91.jpg,3,,2022-09-04 16:37:05
646,it‚Äôs happened to the best of us,123,x5tzej,dankmemes,https://i.redd.it/9lx295xpxvl91.gif,3,,2022-09-04 23:58:31
647,Get her peter..,101,x5vebf,dankmemes,https://i.redd.it/2447b4518wl91.jpg,4,,2022-09-05 00:56:12
648,Colostomies just hit different,215,x5p8jj,dankmemes,https://i.redd.it/2w2njb36yul91.jpg,6,,2022-09-04 20:39:09
649,F is for friends who do stuff together,3838,x58zr2,dankmemes,https://i.redd.it/x6nkol9cjql91.jpg,42,,2022-09-04 05:48:54
650,I can't stop humming and I won't stop humming,29,x63wk9,dankmemes,https://i.redd.it/f12vhuec5yl91.jpg,4,,2022-09-05 07:24:43
651,who does this ?,170,x5qnfr,dankmemes,https://i.redd.it/ru7roqat8vl91.jpg,5,,2022-09-04 21:38:51
652,oh gosh oh boy i‚Äôm hit too,22,x65i73,dankmemes,https://i.redd.it/keoz0890kyl91.gif,2,,2022-09-05 08:46:55
653,That is an impossible task,43151,x50n20,dankmemes,https://i.redd.it/qykc98ltnol91.png,1026,,2022-09-03 23:30:30
654,The true abomination,65,x5wsub,dankmemes,https://i.redd.it/6vv8af9qiwl91.jpg,6,,2022-09-05 01:56:10
655,Korean Jesus Is going to be furious,220,x5naii,dankmemes,https://i.redd.it/icb8jn6niul91.gif,8,,2022-09-04 19:12:18
656,They certainly were industrious,125,x5rpnx,dankmemes,https://i.redd.it/gcxz6vzpgvl91.jpg,5,,2022-09-04 22:23:08
657,This took Long! but Maybe not Long enough?,51,x5ycx3,dankmemes,https://i.redd.it/almltgtcuwl91.jpg,3,,2022-09-05 03:01:21
658,Can't we get these animals actual decent owners?,97,x5smm0,dankmemes,https://i.redd.it/eqwsq4wjnvl91.gif,6,,2022-09-04 23:01:37
659,cya later,26,x62phw,dankmemes,https://i.redd.it/3lgenvlmuxl91.gif,4,,2022-09-05 06:24:43
660,The Cambrian was weird,119,x5rbvv,dankmemes,https://i.redd.it/kyuxk68udvl91.gif,1,,2022-09-04 22:07:04
661,Windows Virus & Threat Protection right now,36,x6118n,dankmemes,https://i.redd.it/ulxpjd22gxl91.jpg,7,,2022-09-05 05:03:03
662,Airport Jokes,817,x5fgxe,dankmemes,https://i.redd.it/5lssefo88sl91.jpg,9,,2022-09-04 11:30:18
663,Which platform are you taking?,4157,x56k4g,dankmemes,https://i.redd.it/2hjmttxtypl91.jpg,101,,2022-09-04 03:54:01
664,SAY MY NAME,330,x5k39n,dankmemes,https://i.redd.it/h7lxrkj4otl91.jpg,15,,2022-09-04 16:21:05
665,The destruction is unfathomable. The mere thought of the aftermath brings me shudders.,59,x5w6ul,dankmemes,https://i.redd.it/2jwr9474ewl91.jpg,7,,2022-09-05 01:30:28
666,Dankmemes,1370,x5c8qt,dankmemes,https://i.redd.it/8qbj6oeecrl91.jpg,28,,2022-09-04 08:31:47
667,Promo Code: FallSavings,15,x66hia,dankmemes,https://i.imgur.com/8un04HD.jpg,2,,2022-09-05 09:37:08
668,cool stuff and shit,161,x5oc6w,dankmemes,https://i.redd.it/dlq6tbz7rul91.jpg,39,,2022-09-04 20:00:13
669,"The screen is 0,001% larger",82,x5szyl,dankmemes,https://i.redd.it/6pvbvu9eqvl91.jpg,7,,2022-09-04 23:17:22
670,BLEHHHHH,33,x60db5,dankmemes,https://i.redd.it/f8biltheaxl91.png,2,,2022-09-05 04:31:29
671,Seriously guys don't do it,0,x6y43f,dankmemes,https://i.redd.it/1q3gz9ugc5m91.png,6,,2022-09-06 07:37:33
672,Gr√º√üen oder nicht gr√º√üen? Das ist hier die Frage.,119,x5pmik,dankmemes,https://i.redd.it/l6vfnn2kzul91.gif,3,,2022-09-04 20:55:40
673,Is it redundant to say I'm a black African?,70,x5sr3q,dankmemes,https://i.redd.it/7mgp65chovl91.jpg,6,,2022-09-04 23:07:03
674,Your sin requires cleansing. Now go work and pay taxes from it..,58,x5u59z,dankmemes,https://i.redd.it/wlcfjfgsyvl91.gif,2,,2022-09-05 00:05:10
675,"""...you must hate them""",3704,x53zmg,dankmemes,https://i.redd.it/48pn5i0depl91.jpg,143,,2022-09-04 01:59:13
676,A scandal in ancient times,4158,x539n0,dankmemes,https://i.redd.it/2sodfpmg8pl91.jpg,12,,2022-09-04 01:26:09
677,"Uhhh, no particular reason no..",3471,x541yj,dankmemes,https://i.redd.it/7wnh96bsepl91.gif,33,,2022-09-04 02:02:06
678,Don‚Äôt u fucking say it,63,x5sg2l,dankmemes,https://i.imgur.com/HR7EMz2.jpg,3,,2022-09-04 22:53:57
679,minecoin is my favorite crypto,39,x5vfxb,dankmemes,https://i.redd.it/2b5r5rpd8wl91.jpg,4,,2022-09-05 00:58:11
680,So that‚Äôs where my laptop went,104,x5okvz,dankmemes,https://i.redd.it/hjbbmbm4tul91.jpg,3,,2022-09-04 20:10:54
681,Inspiring,3258,x54ahl,dankmemes,https://i.redd.it/asdt5wcrgpl91.jpg,109,,2022-09-04 02:12:40
682,My favorite dentist,6970,x50893,dankmemes,https://i.redd.it/qif7ix4nkol91.jpg,83,,2022-09-03 23:12:39
683,I gave him about tree fiddy the other day,38,x5vzub,dankmemes,https://i.redd.it/3tafbrtkcwl91.jpg,1,,2022-09-05 01:22:12
684,Sigma grindset guide,29,x5x5ax,dankmemes,https://i.redd.it/mxkkum58lwl91.jpg,1,,2022-09-05 02:10:52
685,Impossible,152,x5lfga,dankmemes,https://i.redd.it/io3pfwpv1ul91.jpg,6,,2022-09-04 17:38:12
686,The moment everything starts to make sense,25,x5yard,dankmemes,https://i.redd.it/u635w24wtwl91.jpg,5,,2022-09-05 02:58:53
687,with a sound like that you might as well change it to loud enough,6,x68y2a,dankmemes,https://i.redd.it/1e3gavzdhzl91.jpg,2,,2022-09-05 11:54:02
688,Why do people do this?,62,x5rbzo,dankmemes,https://i.redd.it/crs8baurdvl91.gif,3,,2022-09-04 22:07:12
689,Have anything a bit younger?,61570,x4tkl6,dankmemes,https://i.redd.it/gnkbmkci3nl91.gif,340,,2022-09-03 18:14:56
690,Lmao I'm Euro,91,x5ohuk,dankmemes,https://i.redd.it/2wsd19wcsul91.png,5,,2022-09-04 20:07:07
691,STG!,117,x5mdpo,dankmemes,https://i.redd.it/5y7efsasaul91.jpg,4,,2022-09-04 18:28:05
692,"it's that what it's supposed to do? i don't get it like, what if the rapist goes with a regular one???",11693,x4y4kt,dankmemes,https://i.redd.it/6pky840e4ol91.jpg,265,,2022-09-03 21:41:36
693,True story,22,x5z4aq,dankmemes,https://i.redd.it/e8oyz8u70xl91.jpg,8,,2022-09-05 03:34:12
694,Fun crossword today,2,x6hdm6,dankmemes,https://i.redd.it/m08vbi67u1m91.jpg,3,,2022-09-05 19:50:30
695,noice bruh,7344,x4yjch,dankmemes,https://i.redd.it/u4jjztji7ol91.gif,19,,2022-09-03 21:59:09
696,Life hacks,14947,x4ve3n,dankmemes,https://i.redd.it/tevyhbd3jnl91.gif,79,,2022-09-03 19:42:15
697,Crispy Meme #774,208,x5i8iz,dankmemes,https://i.redd.it/my46gyod3tl91.jpg,6,,2022-09-04 14:24:48
698,You actually thought I finished Elden Ring?,175,x5j70b,dankmemes,https://i.redd.it/mxrbmxw9etl91.jpg,7,,2022-09-04 15:25:53
699,"The night is young, you are not.",80,x5najg,dankmemes,https://i.redd.it/mq5fzkboiul91.jpg,4,,2022-09-04 19:12:21
700,*makes a 5 hour video essay,26,x5vhug,dankmemes,https://i.redd.it/t4vehm3n8wl91.gif,3,,2022-09-05 01:00:27
701,Never paid for porn faster in my life,0,x70jhp,dankmemes,https://i.redd.it/qfuv6i2hx5m91.jpg,18,,2022-09-06 09:34:51
702,The one we deserve,886,x590nd,dankmemes,https://i.redd.it/ozrryhjejql91.jpg,9,,2022-09-04 05:50:07
703,now I want to raid them,37,x5t3lv,dankmemes,https://i.redd.it/foy2qf15rvl91.jpg,2,,2022-09-04 23:21:34
704,Shitposters,17,x5y1lg,dankmemes,https://i.redd.it/wapdbm3vrwl91.jpg,3,,2022-09-05 02:47:48
705,the war has started,697,x5ag16,dankmemes,https://i.redd.it/ynsde2b4wql91.jpg,8,,2022-09-04 07:00:33
706,It‚Äôs always the drugs and alcohol that gets them.,23,x5xc8l,dankmemes,https://i.redd.it/39a5dqkomwl91.jpg,1,,2022-09-05 02:19:02
707,_Boiswert meme,599,x5ayvf,dankmemes,https://i.redd.it/02z328gdisl91.jpg,10,,2022-09-04 07:27:04
708,Weird,54,x5owwf,dankmemes,https://i.redd.it/012uiy8qvul91.gif,1,,2022-09-04 20:25:32
709,*Ralph Wiggum voice* I'm helping!,15,x5z37h,dankmemes,https://i.redd.it/xfgtkxdyzwl91.gif,1,,2022-09-05 03:32:56
710,This yield is absolutely flabbergasting,9472,x4vdi0,dankmemes,https://i.redd.it/cwjc1zbwinl91.gif,29,,2022-09-03 19:41:26
711,"This, my friends, is the truth",138,x5i57c,dankmemes,https://i.redd.it/a8nt74ib2tl91.jpg,6,,2022-09-04 14:18:51
712,Mommy pig irl,37,x5qt8f,dankmemes,https://i.redd.it/niiin5lz9vl91.jpg,5,,2022-09-04 21:45:27
713,"If this is wrong, let it be known I study physics",53,x5ntit,dankmemes,https://i.redd.it/3g3cg052nul91.jpg,1,,2022-09-04 19:36:53
714,THATS THE FUNNIEST THING I‚ÄôVE HEARD!!! all minute,31,x5rucn,dankmemes,https://i.redd.it/nzjg52nphvl91.jpg,1,,2022-09-04 22:28:44
715,Got some mail the other day,54,x5ndic,dankmemes,https://i.imgur.com/up91XrT.jpg,2,,2022-09-04 19:16:18
716,death and taxes,587,x59ib3,dankmemes,https://i.redd.it/ft8d26ssnql91.jpg,2,,2022-09-04 06:14:03
717,Im pretending this joke is still relevant,65,x5lnv1,dankmemes,https://i.redd.it/e1z5i6lz3ul91.png,5,,2022-09-04 17:50:47
718,unfortunately gardevoir couldn't get any erocosplayers,9,x62x0t,dankmemes,https://i.redd.it/0qydrledwxl91.jpg,4,,2022-09-05 06:34:52
719,A Title for a pic which isn't funny,47,x5msnd,dankmemes,https://i.redd.it/o1dgya5deul91.jpg,4,,2022-09-04 18:48:10
720,In an Alternate Universe....,110,x5iedw,dankmemes,https://i.redd.it/fgj3zj805tl91.png,1,,2022-09-04 14:34:52
721,I am going to axe you,8,x60gfs,dankmemes,https://i.redd.it/96fbaig5bxl91.jpg,3,,2022-09-05 04:35:40
722,YouTube premium ads be like.,15,x5wo9b,dankmemes,https://i.redd.it/pep1gvtrhwl91.jpg,1,,2022-09-05 01:50:49
723,no bueno,104,x5ihqh,dankmemes,https://i.redd.it/mrphw7866tl91.png,2,,2022-09-04 14:40:49
724,Lucidity,30,x5qcnb,dankmemes,https://i.redd.it/j9ycocvm6vl91.jpg,4,,2022-09-04 21:26:45
725,bit sad innit üòî üòî,0,x6jwp4,dankmemes,https://i.imgur.com/kOmcRgB.jpg,1,,2022-09-05 21:37:36
726,hot diggity damm,1981,x4zgz7,dankmemes,https://i.redd.it/317p13cpeol91.gif,13,,2022-09-03 22:39:27
727,You won‚Äôt like me when I‚Äôm angry,297,x5cfe9,dankmemes,https://i.redd.it/4truaxz3erl91.gif,5,,2022-09-04 08:41:24
728,i get out to pee tho,121,x5h5cb,dankmemes,https://i.redd.it/w8ug1n7vqsl91.jpg,6,,2022-09-04 13:14:41
729,drink water...,132,x5gvse,dankmemes,https://i.redd.it/lo462sxunsl91.jpg,8,,2022-09-04 12:57:48
730,Youtube,71,x5j6yv,dankmemes,https://i.redd.it/rm1x7xt3etl91.jpg,1,,2022-09-04 15:25:50
731,We got pranked,11,x5wojc,dankmemes,https://i.redd.it/92xnzputhwl91.jpg,5,,2022-09-05 01:51:09
732,"""other"": dehumanized. situation: escalated. yup its gamer time üòé",28,x5odvk,dankmemes,https://i.imgur.com/ro7GlzE.gif,2,,2022-09-04 20:02:14
733,no hope,539,x56jcs,dankmemes,https://i.redd.it/8ir6bdpmypl91.png,18,,2022-09-04 03:53:02
734,"If it's her 25th birthday treat, She belongs to the street",67,x5jcvn,dankmemes,https://i.redd.it/pzl7tdc2gtl91.jpg,2,,2022-09-04 15:35:55
735,sneezes*,17,x5sc4b,dankmemes,https://i.redd.it/uy4dj2hdlvl91.jpg,1,,2022-09-04 22:49:17
736,Can't wait for the crossover!!,5426,x4rk97,dankmemes,https://i.redd.it/qyrtirhcjml91.gif,67,,2022-09-03 16:21:57
737,Hi I am a weeby e girl uwu,38,x5mdz6,dankmemes,https://i.redd.it/fth45ofuaul91.jpg,16,,2022-09-04 18:28:27
738,That'll buff right out,5652,x4ra2v,dankmemes,https://i.redd.it/zxoei0mlxnl91.gif,35,,2022-09-03 16:03:36
739,Did I ask something wrong?,16,x5pt8y,dankmemes,https://i.redd.it/48t8tjwj2vl91.gif,6,,2022-09-04 21:03:46
740,Very Controversial,0,x6jzwu,dankmemes,https://i.redd.it/lkt4igk2e2m91.jpg,4,,2022-09-05 21:41:05
741,such a bummer,294,x59e8j,dankmemes,https://i.redd.it/26udoyqtmql91.jpg,8,,2022-09-04 06:08:27
742,Fuck schools.,137,x5e5t6,dankmemes,https://i.redd.it/7donnfnhurl91.gif,3,,2022-09-04 10:13:35
743,Hmmmm i see,11777,x4pb50,dankmemes,https://i.imgur.com/Z5agqSY.gif,71,,2022-09-03 13:53:43
744,My day was going just fine,1802,x4w97z,dankmemes,https://i.redd.it/5j6ji465qnl91.jpg,29,,2022-09-03 20:21:42
745,What games hurt your feelings y'all?,149,x5dfev,dankmemes,https://i.redd.it/o0ylf07dnrl91.jpg,31,,2022-09-04 09:33:54
746,It's just too far to see,5553,x4qyio,dankmemes,https://i.redd.it/t11293khcml91.jpg,33,,2022-09-03 15:43:22
747,true?,62,x5i1c0,dankmemes,https://i.redd.it/w468fm931tl91.gif,1,,2022-09-04 14:11:59
748,It even has Bluetooth!,1753,x4vv9r,dankmemes,https://i.redd.it/yeepe9cmmnl91.png,35,,2022-09-03 20:03:48
749,running low on ink,33,x5laej,dankmemes,https://i.redd.it/nzb77abj0ul91.jpg,3,,2022-09-04 17:30:39
750,True Story,73,x5gydo,dankmemes,https://i.redd.it/b3k6u8xmosl91.jpg,4,,2022-09-04 13:02:15
751,They will not be permanent,21,x5p02e,dankmemes,https://i.redd.it/g7qiivicwul91.png,1,,2022-09-04 20:29:23
752,I don't want to play with you anymore,28,x5mo24,dankmemes,https://i.redd.it/ykckgu79dul91.jpg,1,,2022-09-04 18:41:57
753,epic,15766,x4nqjb,dankmemes,https://i.redd.it/8nxi8a5qall91.gif,51,,2022-09-03 12:11:50
754,Cue western music- insert hawk scream and the sound of the sun buzzing.,41,x5jaiy,dankmemes,https://i.redd.it/ehdmy6cbftl91.png,6,,2022-09-04 15:31:43
755,:) ;),467,x54ikh,dankmemes,https://i.redd.it/ppm0r3zlipl91.jpg,21,,2022-09-04 02:23:02
756,It‚Äôs ‚Äò04 and mom just got back with the Mt Dew code red,6,x5vfwk,dankmemes,https://i.redd.it/aamwi1qd8wl91.jpg,4,,2022-09-05 00:58:10
757,Schei√ü Deutsche Bahn,11594,x4o9rp,dankmemes,https://i.redd.it/drmdm7msgll91.jpg,212,,2022-09-03 12:45:59
758,School be like,72,x5g77z,dankmemes,https://i.redd.it/qfwcryp7gsl91.png,5,,2022-09-04 12:15:51
759,Read the directions too fast,12,x5q63k,dankmemes,https://i.redd.it/w9wn9kn95vl91.png,1,,2022-09-04 21:19:10
760,some dog owners are gross,23,x5kumv,dankmemes,https://i.redd.it/vh6vjw75wtl91.jpg,1,,2022-09-04 17:06:02
761,Mods Gae lol,179,x5adw5,dankmemes,https://i.redd.it/oc1h05mlvql91.jpg,4,,2022-09-04 06:57:38
762,Enough Bro,18,x5nfk8,dankmemes,https://i.redd.it/cqcunshvjul91.jpg,3,,2022-09-04 19:19:05
763,You will never un-see this,15417,x4ndjk,dankmemes,https://i.redd.it/pwcd70dq6ll91.jpg,494,,2022-09-03 11:49:21
764,"""i dOnT wANt tO pLAy tHe lASt Of uS aGAiN"" headass",10,x5smmg,dankmemes,https://i.redd.it/plv1cj0lnvl91.jpg,4,,2022-09-04 23:01:38
765,Why you hurt me?,88,x5dsws,dankmemes,https://i.redd.it/wl21etk1rrl91.gif,8,,2022-09-04 09:53:53
766,They're both piloting chefs too...,351,x549zt,dankmemes,https://i.redd.it/atof36t4gpl91.png,5,,2022-09-04 02:12:05
767,Wow that‚Äôs a dusty monitor,385,x535fc,dankmemes,https://i.redd.it/asakeg0j7pl91.jpg,3,,2022-09-04 01:20:54
768,Crispy Meme #773,3537,x4pljp,dankmemes,https://i.redd.it/j695xz4ewll91.jpg,53,,2022-09-03 14:13:10
769,Happy/Sad Asian noises,92,x5cyeu,dankmemes,https://i.redd.it/4mch8re1jrl91.jpg,7,,2022-09-04 09:09:01
770,it's a price to pay for jabaiting,30,x5iplm,dankmemes,https://i.redd.it/te411a9i8tl91.png,2,,2022-09-04 14:54:45
771,Egyptians built pyramids‚Ä¶,20,x5l72j,dankmemes,https://i.redd.it/uabixt9pztl91.jpg,7,,2022-09-04 17:25:58
772,title,106,x5c1yv,dankmemes,https://i.redd.it/bi8xxu8oarl91.jpg,4,,2022-09-04 08:22:08
773,an NFT,4,x5uocm,dankmemes,https://i.redd.it/tqfa0n6s2wl91.png,3,,2022-09-05 00:26:54
774,City 17 is real,17,x5mun8,dankmemes,https://i.redd.it/jol7ibpseul91.jpg,2,,2022-09-04 18:51:00
775,For real,0,x6c02k,dankmemes,https://i.redd.it/kndv6rgdf0m91.jpg,12,,2022-09-05 15:05:53
776,Making transformers memes until I get splatoon 3 (day 4),6,x5t4s3,dankmemes,https://i.redd.it/4ojgvjtdrvl91.jpg,6,,2022-09-04 23:22:56
777,Why tho,67,x5e7xz,dankmemes,https://i.redd.it/v6j27z65vrl91.jpg,2,,2022-09-04 10:17:02
778,Interesting how much of a change an accent can make,32,x5hn1e,dankmemes,https://i.redd.it/g3k06hzewsl91.png,3,,2022-09-04 13:46:28
779,"Hey coach look, I‚Äôm doing it",194,x56axq,dankmemes,https://i.redd.it/se0xn6drwpl91.gif,4,,2022-09-04 03:42:25
780,Launch cancelled yet again,600,x4xnxg,dankmemes,https://i.redd.it/rcibrbut0ol91.gif,18,,2022-09-03 21:22:41
781,It should've been me! Not him!,57,x5dlcm,dankmemes,https://i.redd.it/7q8hlgwyorl91.gif,2,,2022-09-04 09:42:30
782,Me big smart now,202,x55apc,dankmemes,https://i.redd.it/140ivnijopl91.gif,6,,2022-09-04 02:57:05
783,It's blank,483,x4y2vg,dankmemes,https://i.redd.it/cn49mt324ol91.jpg,4,,2022-09-03 21:39:43
784,Relatable,6,x5p02m,dankmemes,https://i.redd.it/xz4r85aawul91.png,1,,2022-09-04 20:29:23
785,I mean I don't blame them it's a good idea,28,x5h178,dankmemes,https://i.redd.it/bfnyeajjpsl91.jpg,3,,2022-09-04 13:07:14
786,Selective inhibition,251,x520mz,dankmemes,https://i.imgur.com/PdDTmMi.jpg,4,,2022-09-04 00:30:24
787,I love you too,43,x5e66r,dankmemes,https://i.redd.it/bjtg2tuiurl91.gif,5,,2022-09-04 10:14:09
788,Visible Sadness,88,x58zvu,dankmemes,https://i.redd.it/4ponjyocjql91.jpg,3,,2022-09-04 05:49:05
789,üôèüåΩüåΩüåΩüåΩ,618,x4v5ay,dankmemes,https://i.imgur.com/CPLlhuy.jpg,19,,2022-09-03 19:31:06
790,Sue me,49,x5ciso,dankmemes,https://i.redd.it/rmdopapzerl91.jpg,12,,2022-09-04 08:46:19
791,I honestly thought that she's the parody character of Nicki Minaj,45,x5d0ef,dankmemes,https://i.redd.it/angr9hmijrl91.jpg,5,,2022-09-04 09:11:50
792,Shee-hee Hulk,111,x577fb,dankmemes,https://i.redd.it/c93avtf44ql91.jpg,2,,2022-09-04 04:23:37
793,got my ass beat,39,x5dwkb,dankmemes,https://i.redd.it/u98n7pf0srl91.jpg,2,,2022-09-04 09:59:32
794,Video games be like,277,x4zo67,dankmemes,https://i.redd.it/0ic04i5agol91.jpg,2,,2022-09-03 22:48:12
795,CSI: Middle-earth,18,x5h6xq,dankmemes,https://i.redd.it/4e6ob9b0qsl91.gif,1,,2022-09-04 13:17:34
796,"Oh, 'murica",39,x5cwu8,dankmemes,https://i.redd.it/mthy72ecirl91.gif,3,,2022-09-04 09:06:42
797,interesting tit(le),86,x57iqo,dankmemes,https://i.redd.it/ksdim6mp6ql91.jpg,1,,2022-09-04 04:38:08
798,How'z that pausible?,20,x5g1nf,dankmemes,https://i.imgur.com/GedbKgl.gif,2,,2022-09-04 12:06:08
799,The birds and the bees?,343,x4x5kq,dankmemes,https://i.redd.it/zavp1oa6xnl91.jpg,4,,2022-09-03 21:01:06
800,Yet another unrealistic standard,78,x57f61,dankmemes,https://i.redd.it/x8dezvvv5ql91.jpg,3,,2022-09-04 04:33:30
801,I'm not going out there,29,x5dw3w,dankmemes,https://i.redd.it/m2q7d0ywrrl91.gif,1,,2022-09-04 09:58:46
802,Common sense isn‚Äôt their strongest suite,1967,x4mw1n,dankmemes,https://i.redd.it/inycgjve1ll91.jpg,250,,2022-09-03 11:19:32
803,This sub in about 30 minutes or so‚Ä¶,64,x58gh1,dankmemes,https://i.redd.it/3r9cvrgmeql91.jpg,10,,2022-09-04 05:22:28
804,haha only jking pls no hurt me,396,x4uw94,dankmemes,https://i.redd.it/v2gtjws3fnl91.jpg,27,,2022-09-03 19:19:50
805,let''s go!,1242,x4ol96,dankmemes,https://i.redd.it/8h6zx4lekll91.jpg,12,,2022-09-03 13:06:21
806,Chicken egg,439,x4ty9u,dankmemes,https://i.redd.it/2znc4t3w6nl91.jpg,20,,2022-09-03 18:33:47
807,Has this happened to anybody here?,42,x5ai30,dankmemes,https://i.redd.it/tih4lsrlwql91.jpg,5,,2022-09-04 07:03:15
808,‚ÄúC‚Äômon you‚Äôve *gotta* do this one!‚Äù,39,x5bh26,dankmemes,https://i.redd.it/s74akm7d5rl91.jpg,3,,2022-09-04 07:52:22
809,The real way to watch movies.,35,x5bc5d,dankmemes,https://i.redd.it/y62cohs54rl91.jpg,6,,2022-09-04 07:45:36
810,each school has one i guess,192,x4zh0f,dankmemes,https://i.redd.it/4sy7tz5qeol91.jpg,4,,2022-09-03 22:39:30
811,Nice and moisturized,30,x5cpbw,dankmemes,https://i.redd.it/n8cm1hdogrl91.jpg,4,,2022-09-04 08:55:45
812,The possible lore implications are scaring me.,62,x57tr9,dankmemes,https://i.redd.it/qivl0vo89ql91.jpg,7,,2022-09-04 04:52:19
813,It was your mom,141,x51859,dankmemes,https://i.redd.it/r37vv9kbsol91.gif,5,,2022-09-03 23:55:45
814,Ken wyd,77,x55f24,dankmemes,https://i.redd.it/1c2b38klppl91.jpg,2,,2022-09-04 03:02:13
815,Yummy,167,x4znzb,dankmemes,https://i.redd.it/gewbxd28gol91.gif,6,,2022-09-03 22:47:58
816,Me announcing to my friends and family that I‚Äôm moving to Florida:,24,x5ct3n,dankmemes,https://i.redd.it/oa0iocwnhrl91.jpg,1,,2022-09-04 09:01:17
817,there an obvious double standard,37387,wzekby,dankmemes,https://i.redd.it/2ytp0oz7vbk91.gif,69,,2022-08-28 03:24:44
