,title,score,id,subreddit,url,num_comments,body,created
0,broüóøüíî,3002,x96tm4,ksi,https://i.redd.it/ah5dwbbjqpm91.jpg,193,,2022-09-08 23:11:37
1,Am I forgetting something?,3197,x9aq2m,ksi,https://i.redd.it/26zxuljz1pm91.jpg,458,,2022-09-09 01:54:00
2,This would bang tho,2295,x909xx,ksi,https://i.redd.it/5x9pdlzjxmm91.jpg,45,,2022-09-08 18:45:48
3,Damn‚Ä¶ Jake and Logan actually has history with Anderson üòÇ,2994,x8xe6q,ksi,https://i.redd.it/oyi4qmr19mm91.jpg,45,,2022-09-08 16:28:14
4,My manager caught me watching sidemenreacts at work and then I told him that I'm just watching and indian guy teach photoshop.,4113,x8vbrk,ksi,https://i.redd.it/szxbhv87olm91.jpg,43,,2022-09-08 14:31:26
5,Prime on an Airforce base in Japan üòç,204,x9ekab,ksi,https://i.redd.it/qsdlq5wmtpm91.jpg,16,,2022-09-09 04:29:09
6,Both have something in common now.,289,x98khn,ksi,https://i.redd.it/mnhj0a4xlom91.jpg,23,,2022-09-09 00:26:47
7,He's out of line but correct üíÄüíÄ,41,x9jaec,ksi,https://i.redd.it/kc2xpkt9vqm91.jpg,2,,2022-09-09 07:59:59
8,She really manifested this,18,x9nxhi,ksi,https://i.redd.it/e3jflkkk1sm91.jpg,1,,2022-09-09 11:57:00
9,Olajide Olatunji Jackson,473,x8xjwj,ksi,https://i.redd.it/0uildvseamm91.jpg,15,,2022-09-08 16:35:54
10,"Someone made a string mural of ksi with 5,279 nails and 14 km worth of string !!(OC by u/kubathreads)",217,x936q2,ksi,https://i.redd.it/kcehjnt21pm91.png,32,,2022-09-08 20:48:59
11,Every Indian and other nation knows this üòÇüòÇüòÇüòÇüòÇ,13,x9nvdo,ksi,https://i.redd.it/at1g3yghitm91.jpg,0,,2022-09-09 11:53:37
12,It would bang NGL,179,x94pp2,ksi,https://i.redd.it/9sohenktbpm91.jpg,8,,2022-09-08 21:49:08
13,We all miss the Queen already... üò≠ü•∫,13,x9n3wq,ksi,https://i.redd.it/wd3abg07trm91.jpg,7,,2022-09-09 11:10:05
14,here is the list of the hardest words to pronounce as of now. Try them JJ.,12,x9nb5s,ksi,https://i.redd.it/kql878x7vrm91.jpg,0,,2022-09-09 11:21:26
15,If JJ is willing to fight pieces of sh*ts then why didn't he just beat the racism out of Ivan instead of fighting 2 pathetic fights in one night?,94,x97dby,ksi,https://i.redd.it/zz7k5d21com91.png,38,,2022-09-08 23:30:05
16,The only man that save chelsea now,79,x99hkx,ksi,https://i.redd.it/n86tlpuhtom91.jpg,2,,2022-09-09 01:06:24
17,bro really did the swamz,10,x9njzo,ksi,https://i.redd.it/s6f4e70oxrm91.jpg,0,,2022-09-09 11:35:09
18,We know gib will win we know u want to fight the winner but don‚Äôt fight gib please,2783,x8juul,ksi,https://i.redd.it/nzuzgq51tim91.jpg,123,,2022-09-08 04:53:07
19,Months of time and hundreds of dollars later‚Ä¶,683,x8rrxq,ksi,https://i.redd.it/44xiw1rxnkm91.jpg,65,,2022-09-08 11:08:09
20,Took a guy like Niko to ratio him,11,x9lihg,ksi,https://i.redd.it/mvn96to9erm91.jpg,0,,2022-09-09 09:46:25
21,"She so dead, she even died after going to heaven",13,x9ka8o,ksi,https://i.redd.it/er2v5ddm3rm91.jpg,2,,2022-09-09 08:46:43
22,"Also I mean youtubers, not OF models or PH stars.",8038,x8f8ek,ksi,https://i.redd.it/2w22q32dvhm91.jpg,439,,2022-09-08 01:44:25
23,Kenyan tv on the queen‚Äôs death,8,x9mnz7,ksi,https://i.redd.it/q6rfjbouorm91.jpg,2,,2022-09-09 10:45:44
24,Thoughts?,1386,x8kqlx,ksi,https://i.redd.it/yp2cjgcxzim91.jpg,157,,2022-09-08 05:31:47
25,Mr. Potato violation,8465,x8adj7,ksi,https://i.redd.it/2y0ac54qwgm91.jpg,119,,2022-09-07 22:30:15
26,George has been defeated,4,x9or5c,ksi,https://i.redd.it/vw4eveo6asm91.jpg,0,,2022-09-09 12:45:24
27,This aged well,47,x97i7r,ksi,https://i.redd.it/1zdz9p04dom91.jpg,1,,2022-09-08 23:34:35
28,Interesting find,6,x9lwl0,ksi,https://i.redd.it/b5vkvpzqhrm91.jpg,1,,2022-09-09 10:06:00
29,"Hi JJ. I'm a 15 year old boy who was watching your videos constantly after my mom had passed away from a brain surgery. your videos honestly cheer me up and are free therapy. You've always been there for me amd I want to say thank you for helping me during these dark times. Love, Wilson.",239,x8uqux,ksi,https://i.redd.it/j1wczgi5ilm91.jpg,25,,2022-09-08 13:57:29
30,"I don‚Äôt want this, I want Prime",17,x9d6j5,ksi,https://i.redd.it/fwbb5nsejpm91.jpg,1,,2022-09-09 03:31:41
31,Jake right now,3,x9mgbc,ksi,https://i.redd.it/md4fi0itmrm91.jpg,0,,2022-09-09 10:34:22
32,its all in the hips,129,x8wisy,ksi,https://i.redd.it/yh9bd8pk0mm91.jpg,7,,2022-09-08 15:40:48
33,"Broo JJ,do you smoke or sum ü§£ü§£,go sleep bro",12,x9e2mb,ksi,https://i.redd.it/awg4mliwppm91.png,2,,2022-09-09 04:08:41
34,POV you're Pineda and Swarmz,4,x9mhiw,ksi,https://i.redd.it/fjjqe8pn4tm91.jpg,0,,2022-09-09 10:36:07
35,Andrew is coming to town üíÄ,44,x92pey,ksi,https://i.redd.it/hbl5bid5gnm91.jpg,0,,2022-09-08 20:29:49
36,cant wait to get this version of jj when talia is announced for charity match,16,x9a1fu,ksi,https://i.redd.it/6o1u8js5xom91.jpg,0,,2022-09-09 01:27:34
37,The newTuber,12,x9ckct,ksi,https://i.redd.it/2ruezonjwqm91.jpg,0,,2022-09-09 03:07:12
38,Vik‚Äôs resolution shows how vik was really on a different level,17,x99a7a,ksi,https://i.redd.it/orpmcp26som91.jpg,0,,2022-09-09 00:58:57
39,KSI vs Joe Weller 2,42,x91mhc,ksi,https://i.redd.it/50gcunf48nm91.jpg,0,,2022-09-08 19:45:00
40,And years later Anderson will fight the little twat on the left,30,x94eum,ksi,https://i.redd.it/klcdao0q9pm91.jpg,1,,2022-09-08 21:37:21
41,This is the ppv for Gib vs Mcbroom üíÄ,12,x99do1,ksi,https://i.redd.it/xkffiqsnsom91.jpg,4,,2022-09-09 01:02:24
42,Part 2?!?!,8,x9eald,ksi,https://i.redd.it/4fhqhd3mrpm91.jpg,0,,2022-09-09 04:17:43
43,Seems accurate,1459,x8ansy,ksi,https://i.redd.it/a7ml8mdsygm91.jpg,6,,2022-09-07 22:41:50
44,Imagine though,18,x962uf,ksi,https://i.redd.it/jvh4hewv3om91.jpg,5,,2022-09-08 22:42:52
45,üëâüèºüëàüèº,3,x9lopz,ksi,https://i.redd.it/qk8bo0bsfrm91.jpg,0,,2022-09-09 09:54:55
46,Leaked Sidemen Sunday,7,x9chf6,ksi,https://i.redd.it/mjhoju9gepm91.jpg,0,,2022-09-09 03:03:52
47,This dude won BeReal,121,x8skfr,ksi,https://i.redd.it/rbhsgmdhvkm91.jpg,2,,2022-09-08 11:50:25
48,"Bro, why am I getting Toe Smeller ads?",119,x8s7vw,ksi,https://i.redd.it/2pobpku3skm91.jpg,9,,2022-09-08 11:31:31
49,Does KSI know?üëÄ,17,x940di,ksi,https://i.redd.it/3vb9elifpnm91.jpg,0,,2022-09-08 21:21:58
50,sorry had to,1,x9nx3c,ksi,https://i.redd.it/u2gt1tahgom91.jpg,0,,2022-09-09 11:56:19
51,Sidemen Sunday: RIP Queen edition,22,x91czy,ksi,https://i.redd.it/c4xnd4366nm91.jpg,0,,2022-09-08 19:33:52
52,This has potential‚Ä¶,9,x97064,ksi,https://i.redd.it/gsgczfx4aom91.jpg,2,,2022-09-08 23:17:54
53,Wealthy what??,13,x91pcv,ksi,https://i.redd.it/sbdz5x4s8nm91.jpg,0,,2022-09-08 19:48:31
54,We love our rippedneek (3.5 hrs),222,x8kedh,ksi,https://i.redd.it/ali6fvg7xim91.png,11,,2022-09-08 05:16:46
55,it is a dark day for the UK,8,x97pgq,ksi,https://i.redd.it/nzcrjsmdeom91.jpg,3,,2022-09-08 23:41:40
56,Me and my mate at primary school prom after drinking all the fruit shoots,26,x8wvcx,ksi,https://i.redd.it/pv2nz3u04mm91.jpg,0,,2022-09-08 16:00:09
57,FINALLY GOT MY BANK UP TO BUY MY OWN! PRIMEEE,16,x90m7j,ksi,https://i.redd.it/yqtbocmb0nm91.jpg,5,,2022-09-08 19:01:09
58,After running from Tommy and Rahman,3227,x803ku,ksi,https://i.redd.it/7x7a5y4piem91.png,254,,2022-09-07 14:28:39
59,"""Andrew Tate, Oh I want a piece of that""",422,x8dky2,ksi,https://i.redd.it/yl3u8vjljhm91.png,20,,2022-09-08 00:39:08
60,"Okay out of the 33 songs JJ has made which one is your guys favorite and which one is underrated/overrated, my personal favorite is Lose , underrated id go with maybe Rent Free if that counts, lemme know your guys thoughts.",0,x9k3fk,ksi,https://i.redd.it/icpl4fc02rm91.jpg,1,,2022-09-09 08:37:44
61,Sounds like a banger tbh,10,x924eu,ksi,https://i.redd.it/gv4xop7vbnm91.jpg,0,,2022-09-08 20:05:49
62,"Yo this guy bitches about KSI tweeting about him, says he‚Äôs using him to build up his fight. But this bitch just talks about him every episode of his shitty podcast. This guy is such a clown ü§°ü§°ü§°.",6,x93unl,ksi,https://i.redd.it/9x0ggdqconm91.jpg,0,,2022-09-08 21:15:47
63,Did he sell?,3,x98jyn,ksi,https://i.redd.it/pznmgbn9mom91.jpg,1,,2022-09-09 00:25:55
64,F.Neek making his europa league debut üòçüòç,6,x964d3,ksi,https://i.redd.it/x8icu3c64om91.jpg,1,,2022-09-08 22:44:32
65,So thats a fucking lie,229,x8dj0z,ksi,https://i.redd.it/396ww36cjhm91.jpg,5,,2022-09-08 00:37:00
66,"Hear me out... JJ should be a contestant on this years I'm a Celeb, would be comical hearing him scream at all the bugs üòÜ",5,x92szk,ksi,https://i.redd.it/3mtrt8tlgnm91.png,1,,2022-09-08 20:33:29
67,NAHHHH Youtube violating DAX,8,x8zmcg,ksi,https://i.redd.it/cx57sl1fsmm91.jpg,0,,2022-09-08 18:16:49
68,I love democracy,7,x8zdjx,ksi,https://i.redd.it/6bd0zubv7om91.jpg,1,,2022-09-08 18:05:11
69,Will we ever get a continuation to this mini series JJ?,46,x8nis2,ksi,https://i.redd.it/f2ih2bp7mjm91.jpg,2,,2022-09-08 07:36:54
70,"If this aint the truth,all tate fans ü§£ü§£",77,x8jre5,ksi,https://i.redd.it/2d0ttnp6sim91.png,12,,2022-09-08 04:48:58
71,Was checking old Y8 games and found this,4,x913yq,ksi,https://i.redd.it/az36rsu84nm91.png,1,,2022-09-08 19:23:18
72,KSI gets #20 in Forbes' Top Creators 2022 list,381,x84jws,ksi,https://i.redd.it/tqoh0mxvpfm91.png,43,,2022-09-07 18:31:01
73,We want this on the KSI vs Jake Paul undercard,384,x84ptz,ksi,https://i.redd.it/rg6praabrfm91.png,14,,2022-09-07 18:38:23
74,Since when did we start hating prime,2,x92tmw,ksi,https://i.redd.it/khtxy4kxgnm91.jpg,1,,2022-09-08 20:34:12
75,Bro cant get a break lolüò≠ü§£üòÇ,839,x7zvrw,ksi,https://i.redd.it/q2s83l57gem91.jpg,17,,2022-09-07 14:14:04
76,"Some of the takes on this sub are horrendous. Anderson Silva is one of the GOAT MMA fighters, and has a good pro boxing record. He easily sleeps Swarmz and Pineda.",8,x8uq7i,ksi,https://i.redd.it/j104em6yhlm91.jpg,19,,2022-09-08 13:56:20
77,"JJ I'm not sure if you remember but this dude's name is Tom Stockdale. In a one-question go, he sang for you and you promoted his channel. When he met you, he was broke and having suicidal thoughts but after you, he's smashing it. It shows the positive influence you have on people, you change lives!",54,x8jt2w,ksi,https://i.redd.it/t95glspyrim91.png,5,,2022-09-08 04:51:00
78,Ain't no way man just got violated by a airline company ü§£ Uncommon W for Ryanair üî•,529,x827mq,ksi,https://i.redd.it/rp54hhjb5fm91.jpg,13,,2022-09-07 16:34:52
79,"My girlfriend got me Prime in Singapore, should I wife her up?",395,x841lh,ksi,https://i.redd.it/cvkavccwlfm91.jpg,34,,2022-09-07 18:07:50
80,JJ bring back the beerus chain,431,x839gm,ksi,https://i.redd.it/ayp5rms0ffm91.jpg,47,,2022-09-07 17:29:14
81,This guy....HOW,59,x8ilr5,ksi,https://i.redd.it/azdssn6ijim91.png,6,,2022-09-08 03:59:49
82,Thanks for changing such a great guys lifeüíô,55,x8i0zl,ksi,https://i.redd.it/e91jhw2uwjm91.jpg,3,,2022-09-08 03:36:15
83,Knowledge,74,x8ftam,ksi,https://i.redd.it/i9jjztkjzhm91.jpg,5,,2022-09-08 02:07:52
84,JJ‚Äôs tweet after Liverpool‚Äôs loss against Napoli in the UCL,46,x8hhma,ksi,https://i.redd.it/ybvxu4ngbim91.jpg,1,,2022-09-08 03:14:42
85,What do you think JJ?,1406,x7ulni,ksi,https://i.redd.it/zpt68f9oxcm91.jpg,227,,2022-09-07 09:08:26
86,Who should it be?,3,x91p0n,ksi,https://i.redd.it/p4unk17j8nm91.png,0,,2022-09-08 19:48:06
87,"So Logan is officially back and will be on KSl‚Äôs Misfits Boxing card in January. Other than the likely Dillon Danis, who else would you want to see Logan go up against in the ring?",2,x91cu0,ksi,https://i.redd.it/lzljxao46nm91.jpg,0,,2022-09-08 19:33:40
88,I made a google sheet on how much money KSI has lost on his TNTL videos.,171,x86444,ksi,https://i.redd.it/t596sdh52gm91.png,15,,2022-09-07 19:39:57
89,yo this kinda goes hard ya know,12,x8qhnq,ksi,https://i.redd.it/4s7rp3nvmgm91.jpg,1,,2022-09-08 10:00:59
90,KSI Reddit Banner! Hope you like it!,105,x89bh6,ksi,https://i.redd.it/jbqfh966pgm91.png,5,,2022-09-07 21:48:10
91,Well some tate fans aint happy already.,4411,x7lnz5,ksi,https://i.redd.it/8w8wd8mzfcm91.jpg,218,,2022-09-07 02:29:20
92,Well JJ... Looks like Logan did it 2 times more than you.,2,x8z6cw,ksi,https://i.redd.it/2evb51o56om91.jpg,2,,2022-09-08 17:55:38
93,Would Deontay Wilders brother be a good opponent for KSI?,709,x7uetr,ksi,https://i.redd.it/3i7drj4yvcm91.jpg,102,,2022-09-07 08:58:45
94,This JJ before and after fighting Pineda.,12,x8mcjg,ksi,https://i.redd.it/gaby3ebscjm91.jpg,1,,2022-09-08 06:43:50
95,Why Are These Rappers that featured for KSI coming for him?????,4224,x7is75,ksi,https://i.redd.it/r19ty2oodam91.jpg,383,,2022-09-07 00:32:51
96,Well,9,x8njtz,ksi,https://i.redd.it/sl067ol04lm91.jpg,3,,2022-09-08 07:38:20
97,MY CARD for Misfits 003,0,x9acpf,ksi,https://i.redd.it/gq6422gczom91.png,2,,2022-09-09 01:39:14
98,"He just can‚Äôt be stopped, not even by MrBeast!",2977,x7iyvl,ksi,https://i.redd.it/v9yifdjzeam91.jpg,54,,2022-09-07 00:40:09
99,Happy birthday to JJ‚Äôs ex-girlfriend,28,x8eyge,ksi,https://i.redd.it/3m5l0krdthm91.jpg,1,,2022-09-08 01:33:19
100,No way Jake said this after they agreed on a 2023 fight,20,x8hmg4,ksi,https://i.redd.it/biol2phfcim91.jpg,3,,2022-09-08 03:20:05
101,JJ let him play in the match,3322,x7hqf2,ksi,https://i.redd.it/rw5lncn16am91.jpg,153,,2022-09-06 23:50:03
102,Deji beat Fousey from Wolf to puppy,2368,x7jru8,ksi,https://i.redd.it/6dymqw5ukam91.jpg,111,,2022-09-07 01:12:55
103,"""I'm not fat""-FatMan,2022",83,x84p5p,ksi,https://i.redd.it/1u7uzbz5rfm91.png,2,,2022-09-07 18:37:30
104,Just sayin'...,3,x8v0bb,ksi,https://i.redd.it/5yqxi13xklm91.jpg,1,,2022-09-08 14:13:00
105,JJ GAVE YOU TOO MUCH IMPORTANCE... HE CAN'T EVER SATISFY YOU LOT,11,x8kgjf,ksi,https://i.redd.it/c9c76ss8fkm91.jpg,0,,2022-09-08 05:19:26
106,JJ‚Äôs tweet to Simon on his birthday,296,x7wp8f,ksi,https://i.redd.it/mty3ks2ehdm91.jpg,4,,2022-09-07 10:58:57
107,NeekAdam,24,x8bxha,ksi,https://i.redd.it/zwx2e3ws7hm91.jpg,4,,2022-09-07 23:32:23
108,Simon and .....?,47,x86sop,ksi,https://i.redd.it/lmk56er77gm91.jpg,10,,2022-09-07 20:07:16
109,We need a boxing version of these,15,x8g0i0,ksi,https://i.redd.it/eb2qopkz0im91.jpg,0,,2022-09-08 02:15:56
110,Mega Neek,39,x87c26,ksi,https://i.redd.it/vvv7ayo7bgm91.jpg,3,,2022-09-07 20:29:43
111,What do you guys think about Karl (from Mr.Beast crew) being on the SDMN charity event?,1953,x7il5l,ksi,https://i.redd.it/21vp4u5dcam91.jpg,401,,2022-09-07 00:25:27
112,"The True GOAT of Boxing, aka the second coming of Mike Tyson and Muhammad Ali, Sir Pineda",17,x8cq8h,ksi,https://i.redd.it/41h0eh2ddhm91.jpg,1,,2022-09-08 00:05:14
113,"He's probably right, i think up until this point, we should know JJ well.",15,x8cvji,ksi,https://i.redd.it/sj7icg2qehm91.jpg,7,,2022-09-08 00:11:10
114,"Everyone kept saying Swarmz was better, let him prove it in January",8,x8iidl,ksi,https://i.redd.it/xmjxla4tiim91.jpg,4,,2022-09-08 03:55:49
115,KSI vs Andrew Tate google trends graph,136,x7xt2g,ksi,https://i.redd.it/6yi0x2t0tdm91.jpg,20,,2022-09-07 12:04:09
116,JJ Please Notice This Man!,22,x8addw,ksi,https://i.redd.it/ihgt7krpwgm91.jpg,0,,2022-09-07 22:30:12
117,fat baldski,11,x8dzvt,ksi,https://i.redd.it/rdpmmphnmhm91.jpg,1,,2022-09-08 00:55:36
118,These guy Got 3W's in 1 night,43,x838h0,ksi,https://i.redd.it/xkr7165refm91.jpg,0,,2022-09-07 17:27:49
119,That one sidemenreacts video with only JJ in it reacting to stuff being shredded was interesting,19,x88gfc,ksi,https://i.redd.it/3nkx65t5jgm91.jpg,0,,2022-09-07 21:14:15
120,F for our boy,16,x89r9p,ksi,https://i.redd.it/rvvonsiasgm91.jpg,3,,2022-09-07 22:05:27
121,This guy called Kabotoishere said your name 100k timed,6,x8hq50,ksi,https://i.redd.it/kgn9l1epujm91.jpg,0,,2022-09-08 03:24:17
122,Come on JJ.,330,x7qdl3,ksi,https://i.redd.it/m4tc1354ybm91.jpg,11,,2022-09-07 05:49:23
123,"Am i the only person who is starting to think, this guy might be botting his likes :/",15,x8afnk,ksi,https://i.redd.it/dqopmke4xgm91.png,3,,2022-09-07 22:32:38
124,"Personally, I don‚Äôt think that‚Äôs Prime, but Walmart feels differently",10,x8e0d1,ksi,https://i.redd.it/dur7elsqmhm91.jpg,1,,2022-09-08 00:56:09
125,Website says your 6 ft JJ,14,x8asuo,ksi,https://i.redd.it/577lrcrlzgm91.png,1,,2022-09-07 22:47:32
126,Nahhhhhhh,65,x7z6a0,ksi,https://i.redd.it/zplq4a5npfm91.jpg,13,,2022-09-07 13:28:48
127,Get your facts straight Forbes,16,x8972w,ksi,https://i.redd.it/i8zzx7ov5im91.jpg,10,,2022-09-07 21:43:26
128,20 Vs 1 Harry Pinero Edition Needs To Come Out JJ This man is too funny and the chemistry he has with anybody is unmatched please can this 20 Vs 1 be a thing I already know I would die of laughter if this man did it,5,x8hati,ksi,https://i.redd.it/t8hp3xj4aim91.jpg,2,,2022-09-08 03:07:09
129,This is just embarrassing from McBroom üò≠üò≠üò≠,4,x8illt,ksi,https://i.redd.it/y7i9rqthjim91.jpg,2,,2022-09-08 03:59:39
130,Learning about Simon in Spanish class,5,x8i8et,ksi,https://i.redd.it/jjoyt0bsgim91.jpg,0,,2022-09-08 03:44:30
131,The neighbor's kids do be wilding fr,156,x7sx2r,ksi,https://i.redd.it/yppj0971jcm91.jpg,3,,2022-09-07 07:47:20
132,Why is JJ still in mans bedroom? Bet Simon still behind that TV that's why ;),9,x8a0s5,ksi,https://i.redd.it/y1nnd8gxtgm91.png,4,,2022-09-07 22:16:11
133,today Simon turned 30 years old .,82,x7whgi,ksi,https://i.redd.it/4njcau1qwem91.jpg,1,,2022-09-07 10:46:42
134,that was a üî•t-shirt ngl...,5,x8gw6s,ksi,https://i.redd.it/k68j4h8qojm91.jpg,4,,2022-09-08 02:50:47
135,Bruh üíÄüíÄ,8,x8bplk,ksi,https://i.redd.it/qomj5kn2ham91.png,1,,2022-09-07 23:23:51
136,I wonder what Michael has to say.....,59,x7xywy,ksi,https://i.redd.it/4xfv7a3nudm91.png,5,,2022-09-07 12:14:01
137,"only the best fact checking from forbes, can't believe it's only been 3 years, time goes past so so fast",5,x8e6mc,ksi,https://i.redd.it/borqv9jynhm91.jpg,0,,2022-09-08 01:02:54
138,MFer went to the UK and brought PRIME for our college,2366,x77763,ksi,https://i.redd.it/kbgp4p9ev7m91.jpg,185,,2022-09-06 16:06:50
139,this has prolly been done before,12,x86d1w,ksi,https://i.redd.it/doaeh6kolhm91.jpg,1,,2022-09-07 19:50:08
140,Ryanair doesn't believe Jake,791,x7cx7o,ksi,https://i.redd.it/oizmmmof79m91.jpg,28,,2022-09-06 20:36:02
141,Jj should fight himself for the next one,7,x8ccyk,ksi,https://i.redd.it/1dhuiraxahm91.jpg,1,,2022-09-07 23:49:54
142,Damn.. Deji done beat the steroids right out of him üòÇ,284,x7kvpn,ksi,https://i.redd.it/mxjh2a9psam91.jpg,26,,2022-09-07 01:57:01
143,sheesh! JJ got recognised by Forbes!,11,x8807l,ksi,https://i.redd.it/p4yhfwsxfgm91.png,0,,2022-09-07 20:56:17
144,"Two legends, happy birthday simon",24,x81104,ksi,https://i.redd.it/owsllxi5tem91.jpg,1,,2022-09-07 15:26:40
145,The Indian kid re-uploading KSI clips is making loads of money,36,x7xxe5,ksi,https://i.redd.it/xonxkaqbudm91.jpg,10,,2022-09-07 12:11:27
146,jj w/simon on his 30th birthday,19,x80zbc,ksi,https://i.redd.it/ousun94ksem91.jpg,3,,2022-09-07 15:23:21
147,Big ups FoxTheG,8,x88vwz,ksi,https://i.redd.it/8wwq7ew7mgm91.jpg,0,,2022-09-07 21:31:23
148,Tried to turn JJ into a Jedi using AI‚Ä¶uhh‚Ä¶,2,x8hlut,ksi,https://i.redd.it/hx1cq52bcim91.jpg,0,,2022-09-08 03:19:22
149,Thanks JJ for starting in 2019,4,x8bt2b,ksi,https://i.redd.it/f7hsbxcz6hm91.png,1,,2022-09-07 23:27:48
150,Mom: We have Deji at home The Said Deji at home:,1997,x755xs,ksi,https://i.redd.it/eq5czedf97m91.jpg,14,,2022-09-06 14:03:39
151,JJ have you seen this? Yet he still never reviewed your albums,3,x8a8h4,ksi,https://i.redd.it/f3bkajuqvgm91.jpg,0,,2022-09-07 22:24:46
152,Forbes really just said JJ started YouTube in 2019 üò≠,4,x88e32,ksi,https://i.redd.it/78m71dpoigm91.jpg,0,,2022-09-07 21:11:33
153,What a reply,463,x7bvaz,ksi,https://i.redd.it/51zfvof3ham91.jpg,19,,2022-09-06 19:52:02
154,Only off by about 10 years.,6,x85gaw,ksi,https://i.redd.it/pegzq469xfm91.jpg,0,,2022-09-07 19:11:28
155,Andrew Tate,101,x7nxde,ksi,https://i.redd.it/isc11tkmebm91.png,45,,2022-09-07 04:01:21
156,What do I do if my friends roast me because I like JJ‚Äôs Music?,5,x85cnb,ksi,https://i.redd.it/2x0oy99gwfm91.jpg,3,,2022-09-07 19:06:57
157,Ok what?,6,x84gk1,ksi,https://i.redd.it/h8qo6zxbpfm91.jpg,2,,2022-09-07 18:27:02
158,Ruthless,4,x87jdo,ksi,https://i.redd.it/uyekqdymcgm91.jpg,0,,2022-09-07 20:37:44
159,People wild on this app ‚ò†Ô∏è,8,x816qe,ksi,https://i.redd.it/xjt66bdtuem91.jpg,2,,2022-09-07 15:36:00
160,When you smell your mommas cooking,17,x7xk8b,ksi,https://i.redd.it/4z1qhj5gqdm91.png,0,,2022-09-07 11:49:53
161,Why does this always happen they been in there for months??,0,x8ggzu,ksi,https://i.redd.it/10j5uv284im91.jpg,2,,2022-09-08 02:34:05
162,KSI=6 feet?,15,x7y6k4,ksi,https://i.redd.it/odnvatl3xdm91.jpg,2,,2022-09-07 12:27:03
163,Wow the ksi prime bottle was Nikos idea the whole time. Legit pranked the whole YouTube community just to get in the ring. Legendary man,2925,x6x4yw,ksi,https://i.redd.it/rq3dy8xe45m91.jpg,38,,2022-09-06 06:51:58
164,This man is a goat üêê how he managed to set this up is mad üí™üòÇ niko had his own W at the fight ü•ä,451,x77fdz,ksi,https://i.redd.it/tvvazr9tx7m91.jpg,7,,2022-09-06 16:20:19
165,Prime or King??,12,x7xvfo,ksi,https://i.redd.it/vdx3cq3ptdm91.png,2,,2022-09-07 12:08:14
166,Damn fousey lost all his muscle,10,x7z64i,ksi,https://i.redd.it/o8w17co28em91.jpg,4,,2022-09-07 13:28:33
167,"SNEAKO, the guy who beefed JJ for joking about Andrew Tate, got suspended from Twitter. Big W",2879,x6wz00,ksi,https://i.redd.it/daimmfo035m91.jpg,285,,2022-09-06 06:44:13
168,Anyone think the forehead should be bigger?,22,x7rxq8,ksi,https://i.redd.it/sefdgma1bcm91.jpg,4,,2022-09-07 07:01:33
169,Just paid ¬£8.50 for prime in a Conor shop in Liveprool. üòë,1,x8cotc,ksi,https://i.redd.it/g0g12readhm91.jpg,3,,2022-09-08 00:03:36
170,This song really was a curse,8,x7y6cd,ksi,https://i.redd.it/a5tanfo1xdm91.jpg,2,,2022-09-07 12:26:42
171,POV: You are Simon and you ask JJ what he'd do if he had a chance to move in with you again,10,x7wflq,ksi,https://i.redd.it/py99cfsaedm91.png,0,,2022-09-07 10:43:59
172,JJ?,3,x82jw2,ksi,https://i.redd.it/qtyfpue0qgm91.png,0,,2022-09-07 16:52:37
173,Happy 30th birthday to Miniminter üéâ,26,x7p1v0,ksi,https://i.redd.it/nli6r3pknbm91.jpg,4,,2022-09-07 04:50:03
174,JJ is 5 - 0 - 1,12,x7tbp5,ksi,https://i.redd.it/kxn3bjdjmcm91.png,2,,2022-09-07 08:06:30
175,another ksi w,783,x70l5y,ksi,https://i.redd.it/rv4hyqbef7m91.jpg,35,,2022-09-06 09:37:07
176,I mean He stook to his word,6,x7xe6c,ksi,https://i.redd.it/fzcocx3lodm91.png,0,,2022-09-07 11:39:29
177,Jake's opponent is sus!,33,x7kgeu,ksi,https://i.redd.it/xq3kdcmopam91.jpg,9,,2022-09-07 01:40:17
178,"*Youtuber KSI has roid rage moment, against Artist Talia Mar*",13,x7r3gc,ksi,https://i.redd.it/dgyro1444cm91.jpg,2,,2022-09-07 06:22:45
179,I found a prime bottle in a random forest in Ontario/Canada,20,x7nanf,ksi,https://i.redd.it/vaeygt66abm91.jpg,13,,2022-09-07 03:34:58
180,Thoughts on the jake and Silva fight,3,x81j1c,ksi,https://i.redd.it/9f32bs9fyem91.jpg,5,,2022-09-07 15:56:13
181,Caption this :),173,x7704a,ksi,https://i.redd.it/3i245zdva9m91.jpg,35,,2022-09-06 15:55:19
182,FORBES TOP 20 CREATOR WSI,4,x7z9o4,ksi,https://i.redd.it/hvwv1fky8em91.png,0,,2022-09-07 13:33:57
183,what's that red shirt guy thinking about??,187,x768j2,ksi,https://i.redd.it/h8bzig3al7m91.jpg,19,,2022-09-06 15:10:05
184,"9 years ago‚Ä¶ u/leon_here (bottom right) with his bro and JJ, Metro Centre in 2013. They saw JJ with Shauna (his ex). He shit himself so hard he got his dad to go over and ask him for a pic. Old Gen KSI right in his primeüòÜ Anyone meet JJ before 2013? (Posted it here cuz he didnt have enough karma)",47,x7g81u,ksi,https://i.redd.it/mheybxxtu9m91.png,6,,2022-09-06 22:49:19
185,"Deji's KO is 25% in all fights, and 100% in Pro. Also, pro should have a separate count :)",3,x7z1ka,ksi,https://i.redd.it/byozyeym6em91.jpg,1,,2022-09-07 13:20:30
186,Same energy,1465,x6thks,ksi,https://i.redd.it/ybc2p2mqa4m91.png,25,,2022-09-06 04:05:55
187,Don‚Äôt have any karma to post on JJ‚Äôs subreddit but I found this playing at the gym,4,x7vcvw,ksi,https://i.redd.it/u1rmj8fglam91.jpg,1,,2022-09-07 09:46:16
188,Back to work. What do you think is next?,5572,x6jspb,ksi,https://i.redd.it/k9dd5xppc2m91.jpg,320,,2022-09-05 21:33:10
189,Nah fam allow it,11,x7petl,ksi,https://i.redd.it/mo5ljadw7dm91.png,1,,2022-09-07 05:05:47
190,jj and kendra lust be moving mad,15,x7m3l1,ksi,https://i.redd.it/qhy5k3wg1bm91.jpg,0,,2022-09-07 02:46:14
191,Ayo Yinka has some explaining to do üíÄ,48,x7cpm3,ksi,https://i.redd.it/eqchki9v59m91.jpg,7,,2022-09-06 20:27:24
192,A lil throwback innit,7,x7qrj4,ksi,https://i.redd.it/mni0zooc1cm91.jpg,1,,2022-09-07 06:07:18
193,George out here rationing Mr beast now lmao,7,x7qnrc,ksi,https://i.redd.it/x4u3iclg0cm91.jpg,2,,2022-09-07 06:02:27
194,Ryanair account is savage lmao,19,x7hu36,ksi,https://i.redd.it/zdwabprs6am91.jpg,9,,2022-09-06 23:54:15
195,Just a few comments from KSI goes off on ANDREW TATE from his clips channel.,2120,x6m2kq,ksi,https://i.redd.it/hnx3xm5ns2m91.png,237,,2022-09-05 23:02:40
196,Thoughts?,2,x80q8t,ksi,https://i.redd.it/8nn733eppem91.jpg,9,,2022-09-07 15:07:21
197,"JJ, yt boxing rec has got your profile wrong!",9,x7lwl8,ksi,https://i.redd.it/tt55oq510bm91.png,2,,2022-09-07 02:38:26
198,Prime bros,3611,x6fot1,ksi,https://i.redd.it/41kz8ozhg1m91.jpg,52,,2022-09-05 18:32:36
199,I finally made it into a reddit video... kinda,7,x7m831,ksi,https://i.redd.it/rj8yjjvujcm91.jpg,1,,2022-09-07 02:51:09
200,Even companies want a piece of the action,4,x7op2y,ksi,https://i.redd.it/392clohtkbm91.jpg,0,,2022-09-07 04:34:39
201,They got the wrong black man,199,x6zf0t,ksi,https://i.redd.it/ngup2zvhn5m91.png,2,,2022-09-06 08:39:21
202,welcome to the Bolly-Hood,69,x75fl6,ksi,https://i.redd.it/c3gs5u8ic7m91.jpg,0,,2022-09-06 14:20:56
203,Evidence of sitting in an irrelevant seat no window or nothingüòû,2,x7u5ag,ksi,https://i.redd.it/p8sqdmuntcm91.jpg,3,,2022-09-07 08:45:59
204,THIS IS MADD ü§Ø,617,x6q4p0,ksi,https://i.redd.it/sdsc2vlm35m91.jpg,27,,2022-09-06 01:47:35
205,"After years of research, I have finally created a perfect drawing of KSI. The dimensions can't be more accurate than this.",299,x6uvau,ksi,https://i.redd.it/gzz1pxgml4m91.jpg,34,,2022-09-06 05:06:39
206,I can smell the replies üíÄüíÄüíÄ,5,x7o6vw,ksi,https://i.redd.it/67jww46xgbm91.jpg,2,,2022-09-07 04:12:47
207,this comment on JJ's most recent video üíÄ,3,x7q6i1,ksi,https://i.redd.it/nem68wzjwbm91.jpg,1,,2022-09-07 05:40:26
208,My YouTube boxing events ranked this are the ones I watched because they are too many events now lmao,9,x7idvm,ksi,https://i.redd.it/fbhs3d1waam91.jpg,11,,2022-09-07 00:17:11
209,I‚Äôm so happy I finally got some of KSI‚Äôs liquids for less than 10 dollars in Canada!,145,x6z7ge,ksi,https://i.redd.it/zwimq0ssl5m91.jpg,70,,2022-09-06 08:29:26
210,Amazing picture,652,x6oecu,ksi,https://i.redd.it/ysgpdbxp93m91.png,8,,2022-09-06 00:38:19
211,Mom: We have Vikkstar at home The Vikkstar at home:,53,x74zh5,ksi,https://i.redd.it/rfjrtjod77m91.jpg,2,,2022-09-06 13:52:10
212,'King' Ting Baby,0,x7wfkn,ksi,https://i.redd.it/b2ffv1apedm91.jpg,1,,2022-09-07 10:43:56
213,oh hell no #justiceforMoe,1565,x6gjmw,ksi,https://i.redd.it/6yc4s7qon1m91.jpg,40,,2022-09-05 19:12:51
214,This gonna be me when the charity match is on üòÇüò≠,34,x774tr,ksi,https://i.redd.it/b7kyyq7qu7m91.jpg,2,,2022-09-06 16:03:03
215,THE GLOW UP! WE ARE ALL PROUD OF YOU JJ and DEJI!,49,x757tr,ksi,https://i.redd.it/xsegs2kx97m91.jpg,3,,2022-09-06 14:07:11
216,Do you guys know what shirt this is?,5,x7m4pe,ksi,https://i.redd.it/wbalml8p1bm91.jpg,5,,2022-09-07 02:47:28
217,Ryanair W,6,x7k7om,ksi,https://i.redd.it/uzosmz6znam91.jpg,2,,2022-09-07 01:30:32
218,Caption this,4688,x6aza0,ksi,https://i.redd.it/lmd4pnyk30m91.png,217,,2022-09-05 13:58:56
219,The beard is still patchy üíÄ,5,x7l5ix,ksi,https://i.redd.it/sq3sj1qouam91.jpg,0,,2022-09-07 02:08:08
220,Bruh üíÄüíÄ,5,x7j8y6,ksi,https://i.redd.it/53inq9sxgam91.png,2,,2022-09-07 00:51:07
221,What Jake Paul‚Äôs coach said few weeks ago,8,x7ey3n,ksi,https://i.redd.it/enl74t97m9m91.jpg,2,,2022-09-06 21:58:48
222,Ai generated KSI with blue hair looks like something from fifa pro clubs,35,x754au,ksi,https://i.redd.it/cwicc60x87m91.jpg,1,,2022-09-06 14:00:46
223,"9 years ago‚Ä¶ Me bottom right with my bro and JJ, Metro Centre in 2013. We saw JJ with Shauna (his ex). Shit myself so I got my dad to go over and ask him for a pic. Old Gen KSI right in his primeüòÜ Anyone meet JJ before 2013?",12,x7cldn,ksi,https://i.redd.it/l74o66ib55m91.jpg,1,,2022-09-06 20:22:33
224,I think I just found where Prime is produced. I'm gonna apply and steal some bottles. wish me luck guys!,8,x7ebvi,ksi,https://i.redd.it/ve3x6cw6zam91.png,0,,2022-09-06 21:33:26
225,something interesting in height,2,x7m46j,ksi,https://i.redd.it/qedfruhl1bm91.jpg,0,,2022-09-07 02:46:54
226,Somethings wrong here.,3,x7luoi,ksi,https://i.redd.it/fi9yh0hpzam91.jpg,0,,2022-09-07 02:36:16
227,Yo JJ there is a mistake on the ytboxrec site just thought you should know. no need to thank me,1,x7orhi,ksi,https://i.redd.it/mes0twx8lbm91.png,0,,2022-09-07 04:37:25
228,Who is this???,5,x7lbu5,ksi,https://i.redd.it/56d3uz3zvam91.jpg,1,,2022-09-07 02:15:21
229,1‚Ä¶2.. JJ‚Äôs Coming For You,6,x7fl0f,ksi,https://i.redd.it/ktbf65auq9m91.jpg,1,,2022-09-06 22:24:50
230,Bulkskiüí™,38,x73ssh,ksi,https://i.redd.it/kpyvwcf4u6m91.jpg,0,,2022-09-06 12:37:53
231,RYANAIR ON SMOKE,3,x7ibj4,ksi,https://i.redd.it/7bnj7hleaam91.png,1,,2022-09-07 00:14:28
232,what do you guys think about these fights???,0,x87ik9,ksi,https://i.redd.it/qm03srghcgm91.jpg,10,,2022-09-07 20:36:48
233,tate fanboys üíÄ,9,x7cndj,ksi,https://i.redd.it/nrhje2v7t4m91.jpg,1,,2022-09-06 20:24:51
234,"correct me if im wrong of course but didn't jj say he wouldn't be making one of these // or he doesn't want to give andrew tate attention. not hating of course, just curious.",3,x7mcmb,ksi,https://i.redd.it/kdfmp19rkcm91.png,9,,2022-09-07 02:56:16
235,Now that he can finally earn money from his second yt channel maybe he can buy a windows license,2,x7lt8g,ksi,https://i.redd.it/etv0r699zam91.png,1,,2022-09-07 02:34:44
236,I think it‚Äôs time for Part 2 for this video,90,x6wir4,ksi,https://i.redd.it/aewzfy7bz4m91.jpg,8,,2022-09-06 06:23:22
237,WSI yet again takes another W against Tate‚Äôs boyfriends,2,x7lben,ksi,https://i.redd.it/sboq9b4vvam91.jpg,0,,2022-09-07 02:14:48
